id,address_state,application_type,emp_length,emp_title,grade,home_ownership,issue_date,last_credit_pull_date,last_payment_date,loan_status,next_payment_date,member_id,purpose,sub_grade,term,verification_status,annual_income,dti,installment,int_rate,loan_amount,total_acc,total_payment
66964,KS,INDIVIDUAL,3 years,Acquity,D,MORTGAGE,08-06-2021,11-06-2021,11-06-2021,Fully Paid,11-07-2021,247990,Debt consolidation,D3, 36 months,Not Verified,138000.0,0.0916,253.58,0.1324,7500,37,9129
128635,NY,INDIVIDUAL,< 1 year,Cartus,C,OWN,07-09-2021,12-04-2021,10-10-2021,Fully Paid,10-11-2021,127807,Debt consolidation,C1, 36 months,Not Verified,45000.0,0.0587,210.6,0.1028,6500,7,7648
136491,MD,INDIVIDUAL,< 1 year,,D,RENT,07-10-2021,15-03-2021,09-07-2021,Charged Off,09-08-2021,136485,small business,D2, 36 months,Not Verified,10000.0,0.0,166.48,0.1217,5000,8,2477
152291,TX,INDIVIDUAL,< 1 year,,A,RENT,07-11-2021,10-11-2021,10-11-2021,Fully Paid,10-12-2021,152282,wedding,A3, 36 months,Not Verified,21000.0,0.0634,149.87,0.0775,4800,8,5395
179020,VA,INDIVIDUAL,10+ years,US Army,C,RENT,07-12-2021,10-12-2021,10-12-2021,Fully Paid,10-01-2022,178968,Debt consolidation,C3, 36 months,Not Verified,70522.26,0.1896,304.9,0.1091,9325,23,10976
180675,FL,INDIVIDUAL,10+ years,CFI Inc,C,MORTGAGE,07-12-2021,16-05-2021,09-03-2021,Charged Off,09-04-2021,180658,Debt consolidation,C3, 36 months,Not Verified,73000.0,0.2213,817.41,0.1091,25000,63,13650
192616,TX,INDIVIDUAL,10+ years,GGR,B,MORTGAGE,08-01-2021,15-02-2021,10-07-2021,Fully Paid,10-08-2021,189776,Debt consolidation,B5, 36 months,Not Verified,100000.0,0.0817,386.99,0.0996,12000,26,13865
208728,WA,INDIVIDUAL,8 years,US Army,D,RENT,08-02-2021,14-03-2021,10-03-2021,Fully Paid,10-04-2021,206444,other,D1, 36 months,Not Verified,45600.0,0.1553,292.97,0.1236,8775,13,10356
210287,GA,INDIVIDUAL,2 years,open text corp,B,MORTGAGE,08-01-2021,15-04-2021,11-01-2021,Fully Paid,11-02-2021,210254,credit card,B2, 36 months,Not Verified,110000.0,0.1687,192.23,0.0951,6000,30,6920
216540,CA,INDIVIDUAL,< 1 year,Fairfield Residential LLC,E,RENT,08-01-2021,13-12-2021,11-01-2021,Fully Paid,11-02-2021,213030,Debt consolidation,E2, 36 months,Not Verified,48000.0,0.1905,514.49,0.1425,15000,21,18522
235704,OH,INDIVIDUAL,3 years,Kaiser Permanente,E,MORTGAGE,08-01-2021,11-01-2021,11-01-2021,Fully Paid,11-02-2021,235682,credit card,E4, 36 months,Not Verified,65000.0,0.2389,346.07,0.1488,10000,26,12454
242092,VA,INDIVIDUAL,10+ years,City of Richmond,A,MORTGAGE,08-02-2021,16-05-2021,11-03-2021,Fully Paid,11-04-2021,242081,credit card,A4, 36 months,Not Verified,50000.0,0.1399,201.5,0.0832,6400,21,7270
248130,PA,INDIVIDUAL,< 1 year,,B,OWN,08-02-2021,10-09-2021,10-09-2021,Fully Paid,10-10-2021,248126,educational,B2, 36 months,Not Verified,65000.0,0.0774,46.63,0.0976,1450,39,1672
257019,NC,INDIVIDUAL,2 years,Arts Based Elementary School,B,MORTGAGE,08-02-2021,10-05-2021,10-04-2021,Fully Paid,10-05-2021,257001,credit card,B2, 36 months,Not Verified,34500.0,0.0146,160.78,0.0976,5000,6,5718
272103,OR,INDIVIDUAL,4 years,Lithia Motors Inc.,D,RENT,08-03-2021,11-03-2021,11-03-2021,Fully Paid,11-04-2021,270527,Debt consolidation,D2, 36 months,Not Verified,37200.0,0.0674,336.56,0.1292,10000,8,12116
273608,FL,INDIVIDUAL,5 years,olen masonry,C,MORTGAGE,08-03-2021,10-08-2021,10-03-2021,Charged Off,10-04-2021,263769,Debt consolidation,C1, 36 months,Not Verified,67200.0,0.155,491.3,0.1103,15000,17,12041
296360,NJ,INDIVIDUAL,1 year,"Cain Brothers & Co., LLC",D,MORTGAGE,08-03-2021,14-03-2021,09-12-2021,Fully Paid,09-01-2022,296181,other,D2, 36 months,Not Verified,95000.0,0.0706,807.74,0.1292,24000,18,25867
296489,NJ,INDIVIDUAL,10+ years,Johnson & Johnson,B,MORTGAGE,08-03-2021,16-05-2021,11-02-2021,Fully Paid,11-03-2021,296474,car,B2, 36 months,Not Verified,99000.0,0.0886,578.79,0.0976,18000,24,21247
309948,NC,INDIVIDUAL,3 years,Cleveland Country Club,E,RENT,08-04-2021,15-07-2021,11-04-2021,Fully Paid,11-05-2021,309944,credit card,E2, 36 months,Verified,75000.0,0.2274,640.24,0.145,23575,26,23049
311350,TX,INDIVIDUAL,10+ years,EMC Mortgage Corporation,D,RENT,08-04-2021,11-04-2021,11-04-2021,Fully Paid,11-05-2021,309321,Debt consolidation,D5, 36 months,Verified,60000.0,0.2448,388.91,0.1387,20000,39,14001
311749,VA,INDIVIDUAL,10+ years,American Airlines,B,MORTGAGE,08-04-2021,13-11-2021,11-04-2021,Fully Paid,11-05-2021,311742,credit card,B3, 36 months,Not Verified,140000.0,0.0274,315.78,0.1008,25000,18,11368
331216,CA,INDIVIDUAL,6 years,self-employed,C,RENT,08-04-2021,11-04-2021,11-04-2021,Fully Paid,11-05-2021,331162,other,C1, 36 months,Not Verified,30000.0,0.1456,98.26,0.1103,3000,11,3537
342907,IL,INDIVIDUAL,10+ years,Atkinson Management Resources Inc.,C,MORTGAGE,08-04-2021,11-04-2021,11-04-2021,Fully Paid,11-05-2021,342899,other,C1, 36 months,Not Verified,60000.0,0.1094,163.77,0.1103,7500,17,5895
346656,FL,INDIVIDUAL,4 years,"LNS, Inc.",B,MORTGAGE,08-05-2021,16-04-2021,11-01-2021,Charged Off,11-02-2021,346847,other,B3, 36 months,Not Verified,80000.0,0.1761,188.99,0.1008,7500,36,6047
347213,CA,INDIVIDUAL,10+ years,Web Service Company LLC,D,MORTGAGE,08-05-2021,11-03-2021,10-10-2021,Charged Off,10-11-2021,330591,credit card,D4, 36 months,Not Verified,55000.0,0.2151,254.7,0.1355,7500,19,7463
350405,CA,INDIVIDUAL,9 years,BOEING COMPANY,C,RENT,08-07-2021,15-05-2021,11-07-2021,Fully Paid,11-08-2021,352464,Debt consolidation,C1, 36 months,Not Verified,115000.0,0.0755,245.65,0.1103,7500,11,8843
353246,NY,INDIVIDUAL,8 years,Deon Dundas,C,RENT,08-08-2021,10-10-2021,10-10-2021,Fully Paid,10-11-2021,356813,home improvement,C1, 36 months,Verified,56052.0,0.1925,236.68,0.1128,7200,33,8402
354583,NY,INDIVIDUAL,9 years,,C,RENT,08-09-2021,15-12-2021,11-09-2021,Fully Paid,11-10-2021,358736,educational,C3, 36 months,Verified,175000.0,0.0247,116.1,0.1191,3500,7,4180
355954,GA,INDIVIDUAL,3 years,Trc Staffing,B,RENT,08-09-2021,12-09-2021,11-09-2021,Fully Paid,11-10-2021,360932,car,B3, 36 months,Not Verified,22000.0,0.09,64.85,0.1033,3000,15,2334
356919,CA,INDIVIDUAL,1 year,County of San Mateo,A,RENT,08-10-2021,11-10-2021,11-11-2021,Fully Paid,11-12-2021,362514,Debt consolidation,A3, 36 months,Not Verified,57996.0,0.1078,156.69,0.08,5000,11,5641
357509,CA,INDIVIDUAL,1 year,Bank of America Corp.,B,RENT,10-03-2021,16-05-2021,11-06-2021,Charged Off,11-07-2021,363601,Debt consolidation,B2, 36 months,Not Verified,60000.0,0.1162,242.89,0.1025,7500,22,3400
358621,OH,INDIVIDUAL,3 years,Airtran Airways,C,MORTGAGE,08-10-2021,10-08-2021,10-05-2021,Fully Paid,10-06-2021,365282,credit card,C1, 36 months,Not Verified,42000.0,0.1057,178.8,0.1178,5400,29,5882
361356,DE,INDIVIDUAL,3 years,Self Employed,B,MORTGAGE,08-11-2021,16-05-2021,09-03-2021,Charged Off,09-04-2021,369771,small business,B5, 36 months,Not Verified,86000.0,0.1386,823.93,0.1146,25000,45,2837
361634,NY,INDIVIDUAL,1 year,consolidated,D,RENT,08-11-2021,15-09-2021,11-11-2021,Fully Paid,11-12-2021,370283,Debt consolidation,D2, 36 months,Not Verified,60000.0,0.1254,340.18,0.1367,10000,16,12246
362592,KS,INDIVIDUAL,< 1 year,St. Paul AME Church & Victorian Trading Company,E,OTHER,08-11-2021,11-03-2021,11-02-2021,Fully Paid,11-03-2021,372090,other,E3, 36 months,Not Verified,39996.0,0.0,314.51,0.1557,9000,25,11147
362970,CA,INDIVIDUAL,6 years,Next Level Sailing,E,RENT,08-11-2021,11-11-2021,11-11-2021,Fully Paid,11-12-2021,372674,educational,E1, 36 months,Not Verified,55008.0,0.1285,346.32,0.1493,10000,16,12463
363699,IL,INDIVIDUAL,7 years,American Medical Association,C,MORTGAGE,08-11-2021,10-11-2021,10-11-2021,Fully Paid,10-12-2021,373761,credit card,C3, 36 months,Verified,110000.0,0.1092,668.21,0.1241,20000,34,23458
364454,MN,INDIVIDUAL,10+ years,ameriprise financial,A,RENT,08-12-2021,09-04-2021,09-04-2021,Fully Paid,09-05-2021,375038,vacation,A4, 36 months,Not Verified,51996.0,0.0367,305.6,0.0907,9600,48,9880
365196,NY,INDIVIDUAL,< 1 year,Retired,B,MORTGAGE,10-02-2021,12-11-2021,12-10-2021,Fully Paid,12-11-2021,376105,credit card,B3, 36 months,Not Verified,55728.0,0.0138,423.28,0.1062,13000,7,15201
366128,CA,INDIVIDUAL,5 years,Hacienda La Puente USD,A,OTHER,08-12-2021,09-02-2021,09-02-2021,Fully Paid,09-03-2021,377327,car,A4, 36 months,Not Verified,55000.0,0.0676,127.79,0.0932,4000,22,4059
367414,CA,INDIVIDUAL,10+ years,Wells Fargo bank,D,RENT,08-12-2021,16-05-2021,09-12-2021,Charged Off,09-01-2022,380990,Debt consolidation,D1, 36 months,Not Verified,60000.0,0.2132,342.29,0.1411,10000,23,4105
369197,GA,INDIVIDUAL,3 years,"David Burre Engineers & Survyors, Inc.",B,MORTGAGE,08-12-2021,16-03-2021,09-05-2021,Fully Paid,09-06-2021,384637,small business,B5, 36 months,Not Verified,75000.0,0.1502,499.73,0.1221,15000,24,15589
372778,MA,INDIVIDUAL,< 1 year,Dr. Demartino,D,OWN,09-03-2021,16-02-2021,12-04-2021,Fully Paid,12-05-2021,391952,car,D2, 36 months,Not Verified,25000.0,0.1238,82.52,0.1442,2400,11,2971
373375,CA,INDIVIDUAL,< 1 year,Insurance Services,D,OWN,09-01-2021,10-04-2021,10-04-2021,Fully Paid,10-05-2021,393348,Debt consolidation,D5, 36 months,Verified,60000.0,0.175,261.35,0.1537,7500,20,8642
373376,MO,INDIVIDUAL,3 years,Art & Soul Photography Inc.,B,RENT,09-01-2021,11-02-2021,11-03-2021,Fully Paid,11-04-2021,393343,Debt consolidation,B1, 36 months,Not Verified,25000.0,0.1248,163.57,0.1095,5000,18,5777
373881,TX,INDIVIDUAL,1 year,Jesuit College Preparatory School,A,MORTGAGE,09-01-2021,11-02-2021,11-02-2021,Fully Paid,11-03-2021,394401,car,A2, 36 months,Not Verified,40308.0,0.0578,155.96,0.0768,5000,19,5422
375143,NJ,INDIVIDUAL,< 1 year,United Natural Food Inc,A,MORTGAGE,09-01-2021,14-04-2021,12-02-2021,Fully Paid,12-03-2021,397032,car,A2, 36 months,Not Verified,105000.0,0.1409,155.96,0.0768,5000,38,5614
377020,IL,INDIVIDUAL,2 years,Kaplan,C,OWN,09-02-2021,14-03-2021,10-06-2021,Fully Paid,10-07-2021,400811,educational,C1, 36 months,Not Verified,24000.0,0.1185,200.8,0.1253,6000,12,6820
377775,VA,INDIVIDUAL,1 year,JoyFull Ministries,C,RENT,09-02-2021,16-05-2021,09-05-2021,Charged Off,09-06-2021,402189,small business,C4, 36 months,Not Verified,26300.0,0.1268,251.88,0.1347,7500,19,753
378406,MI,INDIVIDUAL,5 years,Accenture LLP,E,RENT,09-08-2021,12-08-2021,12-08-2021,Fully Paid,12-09-2021,403484,Debt consolidation,E1, 36 months,Verified,83100.0,0.0752,176.65,0.1635,5000,8,6359
382380,IL,INDIVIDUAL,2 years,Avian Realty,E,RENT,09-03-2021,09-11-2021,09-06-2021,Charged Off,09-07-2021,406800,wedding,E4, 36 months,Verified,49400.0,0.1091,638.46,0.1663,18000,10,2672
383164,GA,INDIVIDUAL,9 years,Beauty Mart Supplies,A,MORTGAGE,09-03-2021,12-07-2021,12-03-2021,Fully Paid,12-04-2021,413300,small business,A5, 36 months,Not Verified,48000.0,0.2452,318.54,0.0963,9925,14,11467
383926,MI,INDIVIDUAL,10+ years,Haldex,D,MORTGAGE,09-03-2021,12-03-2021,12-03-2021,Fully Paid,12-04-2021,414569,Debt consolidation,D3, 36 months,Source Verified,114000.0,0.1527,690.74,0.1474,20000,16,24866
384699,CT,INDIVIDUAL,3 years,Bella Luna Restaurant,C,RENT,09-03-2021,10-10-2021,10-10-2021,Fully Paid,10-11-2021,415979,moving,C1, 36 months,Not Verified,27996.0,0.2272,184.07,0.1253,5500,13,6200
385670,AZ,INDIVIDUAL,< 1 year,Flagstaff Unified School District,C,RENT,09-03-2021,16-05-2021,10-03-2021,Charged Off,10-04-2021,417447,small business,C1, 36 months,Not Verified,13000.0,0.0092,309.57,0.1253,9250,9,3404
387107,FL,INDIVIDUAL,10+ years,The Travelers Companies Inc.,D,MORTGAGE,09-03-2021,16-03-2021,12-04-2021,Fully Paid,12-05-2021,419819,home improvement,D2, 36 months,Verified,85000.0,0.0611,292.26,0.1442,8500,22,10521
389501,NJ,INDIVIDUAL,< 1 year,Northstar Marine,D,RENT,09-04-2021,16-05-2021,10-10-2021,Charged Off,10-11-2021,423781,small business,D4, 36 months,Not Verified,30000.0,0.1796,477.01,0.1505,13750,12,11535
391319,NY,INDIVIDUAL,4 years,douglas elliman,D,MORTGAGE,09-04-2021,16-04-2021,09-08-2021,Charged Off,09-09-2021,427220,Debt consolidation,D1, 36 months,Source Verified,100000.0,0.2434,313.2,0.1411,10000,21,1252
392210,CO,INDIVIDUAL,10+ years,Social Security Supplemental Income (SSI),D,RENT,09-04-2021,12-04-2021,12-04-2021,Fully Paid,12-05-2021,428960,medical,D2, 36 months,Not Verified,8088.0,0.1914,55.02,0.1442,1600,8,1980
392575,CT,INDIVIDUAL,< 1 year,Walter d.Sullivan,E,RENT,09-04-2021,12-04-2021,12-04-2021,Fully Paid,12-05-2021,429596,Debt consolidation,E2, 36 months,Source Verified,43200.0,0.1108,457.05,0.16,13000,10,16454
396631,CO,INDIVIDUAL,2 years,D L Adams Associates,A,RENT,09-04-2021,12-05-2021,12-05-2021,Fully Paid,12-06-2021,436998,credit card,A5, 36 months,Not Verified,41745.0,0.1958,102.71,0.0963,3200,13,3697
400238,CA,INDIVIDUAL,6 years,HD Supply,C,RENT,09-05-2021,15-06-2021,11-03-2021,Fully Paid,11-04-2021,433130,Debt consolidation,C2, 36 months,Verified,65500.0,0.1711,268.95,0.1284,8000,44,9397
401578,NJ,INDIVIDUAL,10+ years,Infinite Visions,A,RENT,09-07-2021,16-05-2021,12-07-2021,Fully Paid,12-08-2021,445743,other,A5, 36 months,Not Verified,69996.0,0.1617,160.48,0.0963,5000,17,5777
402765,PA,INDIVIDUAL,8 years,FATIGATI NALIN AND ASSOC,D,OWN,09-05-2021,15-11-2021,12-05-2021,Fully Paid,12-06-2021,447665,other,D5, 36 months,Verified,44700.0,0.1259,501.79,0.1537,14400,11,18064
406279,MA,INDIVIDUAL,3 years,Parametric Technology Corp.,A,MORTGAGE,09-06-2021,16-04-2021,12-06-2021,Fully Paid,12-07-2021,454802,wedding,A2, 36 months,Source Verified,46000.0,0.1643,187.15,0.0768,6000,47,6737
406834,SC,INDIVIDUAL,2 years,Department of Defense (DOD),A,MORTGAGE,09-05-2021,16-03-2021,12-01-2021,Fully Paid,12-02-2021,455667,credit card,A3, 36 months,Verified,55000.0,0.1351,250.69,0.08,8000,39,8858
407280,UT,INDIVIDUAL,2 years,Flying Sensors,A,MORTGAGE,09-05-2021,12-06-2021,12-06-2021,Fully Paid,12-07-2021,456433,educational,A3, 36 months,Not Verified,30000.0,0.0904,31.34,0.08,1000,15,1128
411809,NY,INDIVIDUAL,3 years,Bureau Veritas,C,RENT,09-06-2021,14-05-2021,12-06-2021,Fully Paid,12-07-2021,464348,Debt consolidation,C1, 36 months,Not Verified,83700.0,0.1054,635.86,0.1253,19000,23,22891
414483,MI,INDIVIDUAL,1 year,DTE Energy Co.,B,MORTGAGE,09-06-2021,16-04-2021,11-09-2021,Fully Paid,11-10-2021,468737,credit card,B1, 36 months,Not Verified,62000.0,0.1413,212.64,0.1095,6500,13,7552
414971,FL,INDIVIDUAL,1 year,Publix Super Markets,B,RENT,09-06-2021,15-05-2021,10-11-2021,Fully Paid,10-12-2021,482105,credit card,B4, 36 months,Verified,20000.0,0.2454,132.66,0.1189,4000,13,4521
419142,NY,INDIVIDUAL,2 years,Mt Sinai Medical Center,B,RENT,09-07-2021,15-01-2021,12-07-2021,Fully Paid,12-08-2021,491666,other,B1, 36 months,Verified,96588.0,0.1362,654.28,0.1095,20000,33,23554
420841,NJ,INDIVIDUAL,3 years,Ernst & Young LLP,E,RENT,09-07-2021,12-07-2021,12-07-2021,Fully Paid,12-08-2021,494397,Debt consolidation,E3, 36 months,Verified,75600.0,0.1181,706.27,0.1632,20000,14,25426
420890,WA,INDIVIDUAL,< 1 year,New York Life Insurance,E,RENT,09-06-2021,16-05-2021,12-07-2021,Fully Paid,12-08-2021,494459,Debt consolidation,E3, 36 months,Not Verified,48000.0,0.0385,261.32,0.1632,7400,7,9472
425514,KS,INDIVIDUAL,3 years,Amarr Garage Doors,C,RENT,09-07-2021,14-11-2021,11-04-2021,Fully Paid,11-05-2021,501883,Debt consolidation,C3, 36 months,Source Verified,42000.0,0.1457,344.46,0.1316,10200,27,11919
426237,MN,INDIVIDUAL,2 years,3M,C,MORTGAGE,09-07-2021,16-05-2021,12-07-2021,Fully Paid,12-08-2021,448040,credit card,C4, 36 months,Verified,90301.0,0.0377,508.84,0.1347,15000,17,18318
428179,CA,INDIVIDUAL,< 1 year,University of Utah,D,OTHER,09-07-2021,12-10-2021,12-05-2021,Charged Off,12-06-2021,496358,moving,D2, 36 months,Not Verified,27568.0,0.1467,120.34,0.1442,3500,10,3991
428885,FL,INDIVIDUAL,< 1 year,Adorno  and  Yoss  LLP,C,RENT,09-07-2021,12-08-2021,12-08-2021,Fully Paid,12-09-2021,507857,Debt consolidation,C3, 36 months,Verified,85000.0,0.1831,337.71,0.1316,10000,27,12157
429994,PA,INDIVIDUAL,< 1 year,Retired,A,MORTGAGE,09-07-2021,12-08-2021,12-08-2021,Fully Paid,12-09-2021,509662,major purchase,A2, 36 months,Not Verified,58000.0,0.1589,109.17,0.0768,3500,25,3930
431061,NJ,INDIVIDUAL,7 years,aprill landscaping,E,RENT,09-08-2021,13-02-2021,10-07-2021,Fully Paid,10-08-2021,511469,Debt consolidation,E4, 36 months,Verified,30996.0,0.0832,248.29,0.1663,7000,11,7947
433142,MA,INDIVIDUAL,3 years,Sensata Technologies,B,RENT,09-08-2021,12-08-2021,12-08-2021,Fully Paid,12-09-2021,515626,Debt consolidation,B1, 36 months,Source Verified,62000.0,0.0954,262.43,0.1114,8000,18,9448
433213,CA,INDIVIDUAL,1 year,Xceed Financial FCU,C,RENT,09-08-2021,16-05-2021,12-05-2021,Fully Paid,12-06-2021,515754,Debt consolidation,C4, 36 months,Verified,45000.0,0.0795,682.74,0.1392,20000,29,24532
433594,KY,INDIVIDUAL,< 1 year,United Parcel Service (UPS),E,RENT,09-08-2021,16-05-2021,12-09-2021,Fully Paid,12-10-2021,516622,other,E1, 36 months,Verified,21840.0,0.0874,229.64,0.1635,6500,8,8282
434246,MA,INDIVIDUAL,< 1 year,,C,OWN,10-01-2021,16-04-2021,10-08-2021,Charged Off,10-09-2021,517933,Debt consolidation,C5, 36 months,Not Verified,40000.0,0.0057,219.42,0.1422,6400,13,1580
435180,TX,INDIVIDUAL,10+ years,cemex,D,MORTGAGE,09-09-2021,10-10-2021,10-05-2021,Charged Off,10-06-2021,519857,major purchase,D2, 36 months,Not Verified,40000.0,0.0849,207.87,0.1496,6000,31,1659
437160,TX,INDIVIDUAL,10+ years,Southwest Racquetball & Fitness,F,MORTGAGE,09-09-2021,12-09-2021,12-09-2021,Fully Paid,12-10-2021,524571,small business,F2, 36 months,Verified,35000.0,0.0878,545.55,0.1843,15000,23,19641
437821,KS,INDIVIDUAL,10+ years,Atkinson Industries inc,C,MORTGAGE,09-09-2021,12-09-2021,12-09-2021,Fully Paid,12-10-2021,525394,other,C4, 36 months,Source Verified,75000.0,0.1987,273.1,0.1392,8000,22,9831
438763,FL,INDIVIDUAL,2 years,Covidien,A,RENT,09-09-2021,16-05-2021,09-12-2021,Fully Paid,09-01-2022,529013,Debt consolidation,A4, 36 months,Verified,112123.0,0.1389,227.6,0.0859,7200,37,7351
439952,CA,INDIVIDUAL,5 years,Yahoo Inc.,D,OWN,09-09-2021,12-04-2021,12-01-2021,Charged Off,12-02-2021,532213,Debt consolidation,D4, 36 months,Verified,55000.0,0.2284,554.53,0.1565,15850,20,16954
443178,TX,INDIVIDUAL,1 year,Cinemark USA  Inc.,C,RENT,09-10-2021,12-10-2021,12-10-2021,Fully Paid,12-11-2021,539019,wedding,C2, 36 months,Not Verified,28000.0,0.1509,236.61,0.1322,7000,12,8533
443991,UT,INDIVIDUAL,4 years,Vernal City Police Department,E,MORTGAGE,09-09-2021,11-03-2021,11-03-2021,Fully Paid,11-04-2021,540822,Debt consolidation,E3, 36 months,Not Verified,72000.0,0.1587,292.53,0.1704,8200,27,9695
444805,TX,INDIVIDUAL,2 years,The Methodist Hospital,B,RENT,09-10-2021,12-01-2021,12-01-2021,Fully Paid,12-02-2021,542697,credit card,B3, 36 months,Not Verified,55000.0,0.2086,457.25,0.1183,13800,20,15701
445345,CA,INDIVIDUAL,2 years,Macy's Inc.,D,RENT,09-10-2021,12-10-2021,12-10-2021,Fully Paid,12-11-2021,543834,Debt consolidation,D1, 36 months,Verified,14000.0,0.1071,163.76,0.1461,4750,13,5895
449241,DE,INDIVIDUAL,< 1 year,Delaware Valley Dermatology,A,MORTGAGE,09-10-2021,11-10-2021,11-10-2021,Fully Paid,11-11-2021,551726,home improvement,A4, 36 months,Not Verified,27040.0,0.225,151.73,0.0859,4800,26,5337
449325,OK,INDIVIDUAL,1 year,Change Formation,E,MORTGAGE,09-10-2021,11-02-2021,10-09-2021,Charged Off,10-10-2021,551860,Debt consolidation,E4, 36 months,Not Verified,74900.0,0.1184,645.26,0.1739,18000,13,7866
451395,NY,INDIVIDUAL,1 year,MyPublisher,C,RENT,09-10-2021,12-10-2021,12-11-2021,Fully Paid,12-12-2021,556071,Debt consolidation,C5, 36 months,Not Verified,37800.0,0.2105,82.34,0.1426,2400,7,2964
453132,CA,INDIVIDUAL,3 years,Kaiser Permanente,B,RENT,09-10-2021,16-05-2021,12-11-2021,Fully Paid,12-12-2021,559887,credit card,B4, 36 months,Not Verified,58000.0,0.0443,59.94,0.1218,1800,10,2158
454740,MN,INDIVIDUAL,10+ years,Investors Management and Marketing,A,RENT,09-11-2021,12-11-2021,12-11-2021,Fully Paid,12-12-2021,563429,credit card,A5, 36 months,Not Verified,38000.0,0.234,457.51,0.0894,14400,34,16470
456278,MD,INDIVIDUAL,9 years,Johns Hopkins University,B,RENT,09-11-2021,16-05-2021,11-08-2021,Fully Paid,11-09-2021,566472,Debt consolidation,B5, 36 months,Not Verified,55000.0,0.154,401.6,0.1253,12000,19,13921
456469,KY,INDIVIDUAL,7 years,Givaudan Flavors Corp.,B,RENT,09-11-2021,14-01-2021,12-06-2021,Fully Paid,12-07-2021,566896,other,B3, 36 months,Verified,85000.0,0.2057,165.67,0.1183,5000,23,5940
456475,TX,INDIVIDUAL,4 years,Long Wave Inc,C,RENT,09-11-2021,11-07-2021,11-07-2021,Fully Paid,11-08-2021,566905,Debt consolidation,C2, 36 months,Not Verified,35000.0,0.1793,507.01,0.1322,15000,23,17455
456955,NY,INDIVIDUAL,< 1 year,IBEW local 236,B,RENT,09-11-2021,16-04-2021,10-01-2021,Charged Off,10-02-2021,567780,moving,B3, 36 months,Not Verified,17400.0,0.2034,99.41,0.1183,3000,3,3130
457181,NJ,INDIVIDUAL,3 years,"U.S. Government, Dept of Homeland Securi",B,RENT,09-11-2021,16-05-2021,12-09-2021,Fully Paid,12-10-2021,568147,other,B5, 36 months,Not Verified,81600.0,0.0512,368.13,0.1253,11000,10,13241
458516,FL,INDIVIDUAL,< 1 year,walmart,C,MORTGAGE,09-12-2021,12-12-2021,12-12-2021,Fully Paid,12-01-2022,570794,car,C5, 36 months,Not Verified,100000.0,0.0895,343.06,0.1426,10000,17,12350
458871,FL,INDIVIDUAL,2 years,AAR Aircraft Services Miami,D,RENT,10-04-2021,16-04-2021,10-09-2021,Charged Off,10-10-2021,571550,Debt consolidation,D2, 36 months,Not Verified,40310.0,0.1063,415.76,0.1496,12000,9,1659
459067,GA,INDIVIDUAL,2 years,Jackson County Sheriff,A,MORTGAGE,09-12-2021,16-03-2021,11-03-2021,Fully Paid,11-04-2021,571979,Debt consolidation,A4, 36 months,Not Verified,30000.0,0.1228,205.47,0.0859,6500,18,7076
459069,CT,INDIVIDUAL,9 years,Eagle Investment Systems LLC,D,OWN,09-11-2021,16-04-2021,12-03-2021,Fully Paid,12-04-2021,571982,Debt consolidation,D3, 36 months,Not Verified,127500.0,0.0971,844.28,0.1531,24250,32,30022
459966,NY,INDIVIDUAL,< 1 year,fedex Ground,A,OWN,09-11-2021,16-03-2021,12-03-2021,Fully Paid,12-04-2021,573736,other,A2, 36 months,Source Verified,12000.0,0.096,83.86,0.074,2700,18,2996
461529,NY,INDIVIDUAL,3 years,Central Islip Hauppauge Volunteer Ambula,C,RENT,09-12-2021,15-06-2021,12-12-2021,Fully Paid,12-01-2022,576868,other,C4, 36 months,Not Verified,30000.0,0.0536,119.48,0.1392,3500,17,4318
463467,NY,INDIVIDUAL,< 1 year,"Pig Newton, Inc",B,RENT,09-12-2021,11-08-2021,11-08-2021,Fully Paid,11-09-2021,580291,Debt consolidation,B3, 36 months,Not Verified,168000.0,0.1142,803.5,0.1183,24250,16,27786
465234,GA,INDIVIDUAL,< 1 year,Ronnie Thompson Ford Mercury,C,RENT,09-12-2021,10-10-2021,10-10-2021,Fully Paid,10-11-2021,583628,other,C1, 36 months,Not Verified,24000.0,0.0845,336.34,0.1287,10000,13,10959
465669,PA,INDIVIDUAL,10+ years,Willow Valley Retirement Communities,B,RENT,09-12-2021,12-12-2021,12-11-2021,Fully Paid,12-12-2021,584439,Debt consolidation,B5, 36 months,Not Verified,28000.0,0.1513,485.27,0.1253,14500,13,17464
466073,CA,INDIVIDUAL,2 years,trius therapeutics,A,MORTGAGE,09-12-2021,12-12-2021,12-12-2021,Fully Paid,12-01-2022,585264,Debt consolidation,A4, 36 months,Not Verified,160000.0,0.1032,284.5,0.0859,9000,28,10242
467971,IL,INDIVIDUAL,< 1 year,jean kripton inc.,C,MORTGAGE,09-12-2021,12-12-2021,12-12-2021,Fully Paid,12-01-2022,589147,wedding,C3, 36 months,Not Verified,108960.0,0.2132,339.69,0.1357,10000,28,12230
468758,FL,INDIVIDUAL,< 1 year,,A,RENT,09-12-2021,14-03-2021,13-01-2021,Fully Paid,13-02-2021,590644,other,A5, 36 months,Not Verified,12000.0,0.058,66.73,0.0894,2100,15,2402
471052,CA,INDIVIDUAL,< 1 year,Cyber Professionals,B,RENT,10-01-2021,16-05-2021,10-08-2021,Charged Off,10-09-2021,594690,Debt consolidation,B5, 36 months,Not Verified,160000.0,0.2117,669.33,0.1253,20000,35,4684
473710,CA,INDIVIDUAL,5 years,Thales Avionics INC.,D,RENT,10-01-2021,16-05-2021,13-01-2021,Fully Paid,13-02-2021,598898,Debt consolidation,D4, 36 months,Not Verified,72000.0,0.0932,258.9,0.1565,7400,30,9321
473831,SC,INDIVIDUAL,< 1 year,"Hiller Systems, Inc.",A,RENT,10-01-2021,12-05-2021,12-04-2021,Fully Paid,12-05-2021,599144,major purchase,A3, 36 months,Not Verified,40000.0,0.1602,140.49,0.0774,4500,12,5018
474294,SC,INDIVIDUAL,2 years,Hampton Inn & Suites,B,RENT,10-01-2021,12-05-2021,12-05-2021,Fully Paid,12-06-2021,599919,Debt consolidation,B2, 36 months,Not Verified,25000.0,0.167,296.72,0.1148,9000,29,10538
478462,AZ,INDIVIDUAL,2 years,GRG Construction,B,MORTGAGE,10-01-2021,13-02-2021,13-02-2021,Fully Paid,13-03-2021,607457,Debt consolidation,B3, 36 months,Not Verified,40000.0,0.0054,331.34,0.1183,10000,5,11929
478788,MI,INDIVIDUAL,5 years,Composite Fogings,B,OWN,10-01-2021,12-06-2021,12-06-2021,Fully Paid,12-07-2021,608000,Debt consolidation,B4, 36 months,Not Verified,30000.0,0.2004,99.9,0.1218,3000,15,3561
482706,CA,INDIVIDUAL,10+ years,SVB Financial Group,D,MORTGAGE,10-02-2021,13-02-2021,13-02-2021,Fully Paid,13-03-2021,614085,Debt consolidation,D3, 36 months,Not Verified,98000.0,0.19,844.59,0.1533,24250,15,30407
484007,FL,INDIVIDUAL,< 1 year,LEON MEDICAL CENTERS,A,RENT,10-02-2021,15-12-2021,13-02-2021,Fully Paid,13-03-2021,616051,Debt consolidation,A4, 36 months,Not Verified,31404.0,0.1158,155.55,0.0751,5000,32,5600
484984,TX,INDIVIDUAL,< 1 year,VR Whispering Oaks,B,RENT,10-03-2021,13-04-2021,13-04-2021,Fully Paid,13-05-2021,617717,Debt consolidation,B5, 36 months,Not Verified,24432.0,0.0697,65.83,0.1136,2000,13,2370
486101,IL,INDIVIDUAL,2 years,Rogers corporation,D,RENT,10-02-2021,15-08-2021,11-04-2021,Fully Paid,11-05-2021,619432,wedding,D2, 36 months,Not Verified,72000.0,0.1545,221.74,0.1496,6400,31,7236
486653,CA,INDIVIDUAL,10+ years,State of California  CALPERS,D,RENT,10-02-2021,16-05-2021,12-05-2021,Fully Paid,12-06-2021,620232,Debt consolidation,D4, 36 months,Not Verified,60000.0,0.1626,175.06,0.157,5000,38,6182
486838,TX,INDIVIDUAL,3 years,CDM,B,RENT,10-02-2021,11-07-2021,11-07-2021,Fully Paid,11-08-2021,620496,Debt consolidation,B5, 36 months,Not Verified,62000.0,0.1483,246.84,0.1136,7500,11,8418
487706,TX,INDIVIDUAL,10+ years,IBM Austin,C,MORTGAGE,10-02-2021,16-05-2021,11-08-2021,Fully Paid,11-09-2021,621800,Debt consolidation,C4, 36 months,Not Verified,115000.0,0.1401,545.67,0.1385,16000,31,18538
488161,NY,INDIVIDUAL,2 years,Wellpoint,B,MORTGAGE,10-02-2021,15-04-2021,12-02-2021,Fully Paid,12-03-2021,622432,Debt consolidation,B3, 36 months,Not Verified,67145.0,0.0613,325.6,0.1062,10000,9,11471
488676,MD,INDIVIDUAL,10+ years,Keany Produce Company,B,RENT,10-02-2021,16-05-2021,12-07-2021,Fully Paid,12-08-2021,623320,Debt consolidation,B4, 36 months,Not Verified,38000.0,0.1948,327.36,0.1099,10000,11,11680
490481,CA,INDIVIDUAL,7 years,,C,RENT,10-05-2021,11-08-2021,11-03-2021,Charged Off,11-04-2021,626264,Debt consolidation,C2, 36 months,Not Verified,50000.0,0.091,330.7,0.1311,9800,13,3642
492756,HI,INDIVIDUAL,3 years,Maui Photography,C,RENT,10-03-2021,13-03-2021,13-03-2021,Fully Paid,13-04-2021,630242,Debt consolidation,C1, 36 months,Not Verified,36000.0,0.2053,302.1,0.1273,9000,12,10876
492917,NY,INDIVIDUAL,< 1 year,Plaza Automall,C,RENT,10-03-2021,13-03-2021,13-03-2021,Fully Paid,13-04-2021,630477,Debt consolidation,C5, 36 months,Not Verified,29820.0,0.1421,205.71,0.1422,6000,10,7406
492956,IL,INDIVIDUAL,2 years,,A,RENT,10-03-2021,14-08-2021,13-03-2021,Fully Paid,13-04-2021,630530,Debt consolidation,A3, 36 months,Not Verified,38000.0,0.1232,201.11,0.0714,6500,18,7240
493412,GA,INDIVIDUAL,8 years,"Twin Cedars Youth Services, Inc",B,MORTGAGE,10-03-2021,15-07-2021,13-04-2021,Fully Paid,13-05-2021,631288,Debt consolidation,B5, 36 months,Not Verified,70000.0,0.1853,362.03,0.1136,11000,71,13034
494451,CA,INDIVIDUAL,< 1 year,"Kravitz, Inc.",A,RENT,10-03-2021,16-04-2021,11-09-2021,Fully Paid,11-10-2021,632990,wedding,A5, 36 months,Not Verified,60000.0,0.0542,375.37,0.0788,12000,7,13066
494666,MA,INDIVIDUAL,2 years,General Cable Corporation,A,MORTGAGE,10-03-2021,16-01-2021,13-01-2021,Fully Paid,13-02-2021,633393,Debt consolidation,A4, 36 months,Not Verified,70000.0,0.1171,342.21,0.0751,11000,28,12307
495341,TX,INDIVIDUAL,10+ years,Pizza Restaurant,D,MORTGAGE,10-03-2021,15-06-2021,12-06-2021,Fully Paid,12-07-2021,634468,credit card,D3, 36 months,Not Verified,38000.0,0.1828,522.43,0.1533,15000,16,18458
496729,TX,INDIVIDUAL,7 years,"All Solar Gate, Inc.",A,MORTGAGE,10-03-2021,13-04-2021,13-04-2021,Fully Paid,13-05-2021,636562,wedding,A4, 36 months,Not Verified,45000.0,0.0125,311.1,0.0751,10000,9,11200
497229,NY,INDIVIDUAL,2 years,EURO LLOYD TRAVEL,C,RENT,10-03-2021,16-05-2021,13-04-2021,Fully Paid,13-05-2021,637402,Debt consolidation,C5, 36 months,Not Verified,44000.0,0.2103,205.71,0.1422,6000,13,7422
498773,FL,INDIVIDUAL,3 years,ernst Young,C,RENT,10-06-2021,13-10-2021,13-10-2021,Fully Paid,13-11-2021,639878,Debt consolidation,C3, 60 months,Not Verified,105000.0,0.1694,171.53,0.1398,12000,56,9906
498944,CA,INDIVIDUAL,10+ years,Alvarado Hospital,B,MORTGAGE,10-04-2021,16-03-2021,10-07-2021,Fully Paid,10-08-2021,640147,Debt consolidation,B4, 36 months,Not Verified,79000.0,0.1425,327.36,0.1099,10000,34,10268
499021,IL,INDIVIDUAL,4 years,Carlisle Syntec,D,MORTGAGE,10-04-2021,11-08-2021,11-05-2021,Fully Paid,11-06-2021,640279,other,D4, 36 months,Not Verified,24000.0,0.0,297.6,0.157,8500,13,9667
499347,NY,INDIVIDUAL,3 years,Imprint Marketing Concepts,D,RENT,10-04-2021,16-05-2021,13-04-2021,Fully Paid,13-05-2021,640900,Debt consolidation,D5, 36 months,Not Verified,40000.0,0.1965,246.36,0.1607,7000,19,8869
500856,OH,INDIVIDUAL,3 years,Walmart Distribution Center,B,MORTGAGE,10-04-2021,15-12-2021,13-04-2021,Fully Paid,13-05-2021,643472,Debt consolidation,B3, 36 months,Verified,30000.0,0.1208,146.52,0.1062,4500,12,5275
503668,KY,INDIVIDUAL,3 years,HAGYARD PHARMACY,C,MORTGAGE,10-04-2021,12-05-2021,12-05-2021,Fully Paid,12-06-2021,648302,home improvement,C5, 36 months,Not Verified,72000.0,0.173,308.56,0.1422,9000,23,10838
505045,CT,INDIVIDUAL,1 year,ATSC,A,RENT,10-04-2021,16-05-2021,12-01-2021,Fully Paid,12-02-2021,650577,major purchase,A4, 36 months,Verified,110000.0,0.1883,217.77,0.0751,7000,22,7645
505851,MA,INDIVIDUAL,5 years,Gold Medal Bakery,C,RENT,10-04-2021,13-09-2021,13-05-2021,Fully Paid,13-06-2021,652061,other,C2, 36 months,Not Verified,50000.0,0.0667,404.94,0.1311,12000,16,14578
506788,AZ,INDIVIDUAL,9 years,Central Arizona Water Conservation Distr,B,MORTGAGE,10-04-2021,16-04-2021,13-04-2021,Fully Paid,13-05-2021,653476,Debt consolidation,B4, 36 months,Not Verified,68004.0,0.1263,327.36,0.1099,10000,39,11876
506982,FL,INDIVIDUAL,2 years,Pensacola Christian College,A,RENT,10-04-2021,15-01-2021,13-05-2021,Fully Paid,13-06-2021,653796,other,A5, 36 months,Not Verified,10000.0,0.1752,101.67,0.0788,3250,5,3660
507603,VA,INDIVIDUAL,4 years,aquasure Inc,C,MORTGAGE,10-04-2021,14-04-2021,13-05-2021,Fully Paid,13-06-2021,654704,Debt consolidation,C1, 36 months,Not Verified,60000.0,0.1116,402.8,0.1273,12000,16,14502
507933,NJ,INDIVIDUAL,4 years,Petco,D,OWN,10-04-2021,12-04-2021,12-04-2021,Fully Paid,12-05-2021,655208,other,D1, 36 months,Not Verified,19800.0,0.143,234.37,0.1459,6800,6,8193
508881,TX,INDIVIDUAL,4 years,Fort Worth ISD/Lily B. Clayton E.S.,B,MORTGAGE,10-05-2021,13-05-2021,13-05-2021,Fully Paid,13-06-2021,656707,credit card,B3, 36 months,Not Verified,47540.0,0.1727,398.86,0.1062,12250,24,14360
509359,FL,INDIVIDUAL,7 years,Media 8,C,MORTGAGE,10-05-2021,16-04-2021,12-12-2021,Fully Paid,12-01-2022,657395,Debt consolidation,C1, 36 months,Verified,110004.0,0.1371,839.16,0.1273,25000,29,30082
510004,FL,INDIVIDUAL,8 years,Southern Marketing Associates,B,MORTGAGE,10-05-2021,16-05-2021,12-10-2021,Fully Paid,12-11-2021,658475,Debt consolidation,B2, 36 months,Not Verified,63996.0,0.105,388.62,0.1025,12000,19,13900
510374,MO,INDIVIDUAL,4 years,Edward Jones,C,MORTGAGE,10-05-2021,15-02-2021,13-05-2021,Fully Paid,13-06-2021,659010,Debt consolidation,C4, 36 months,Not Verified,36000.0,0.1443,170.52,0.1385,5000,29,6139
510578,MN,INDIVIDUAL,5 years,Itasca County Treasurer's Office,E,MORTGAGE,10-05-2021,16-05-2021,13-07-2021,Charged Off,13-08-2021,659283,Debt consolidation,E2, 36 months,Not Verified,97200.0,0.1554,497.87,0.1682,14000,60,11921
512720,TX,INDIVIDUAL,5 years,Gap Inc,E,RENT,10-05-2021,13-03-2021,13-03-2021,Fully Paid,13-04-2021,662476,Debt consolidation,E3, 60 months,Verified,30504.0,0.0323,254.54,0.1719,10200,23,14067
513955,CA,INDIVIDUAL,5 years,Pacific Scientific,D,RENT,10-05-2021,15-11-2021,13-05-2021,Fully Paid,13-06-2021,664174,credit card,D3, 36 months,Not Verified,110000.0,0.2133,543.33,0.1533,15600,14,19562
515283,PA,INDIVIDUAL,4 years,GMAC Financial Services,B,RENT,10-05-2021,16-03-2021,13-03-2021,Fully Paid,13-04-2021,666083,Debt consolidation,B5, 36 months,Not Verified,63000.0,0.175,517.51,0.1136,25000,18,18617
516560,MN,INDIVIDUAL,7 years,Spray Control Systems Inc,A,MORTGAGE,10-05-2021,11-03-2021,11-04-2021,Fully Paid,11-05-2021,667626,small business,A5, 60 months,Verified,104000.0,0.0623,270.43,0.0788,20000,24,14198
516563,FL,INDIVIDUAL,5 years,Engineering and Computer Simulations,A,MORTGAGE,10-05-2021,16-05-2021,11-07-2021,Fully Paid,11-08-2021,667631,home improvement,A3, 60 months,Not Verified,85000.0,0.0316,206.63,0.0714,10400,46,10906
518057,TX,INDIVIDUAL,5 years,AT&T,B,MORTGAGE,10-06-2021,13-06-2021,13-06-2021,Fully Paid,13-07-2021,669602,Debt consolidation,B4, 36 months,Source Verified,94692.0,0.1412,445.12,0.1149,20000,15,16024
518158,GA,INDIVIDUAL,< 1 year,InComm,E,RENT,10-05-2021,16-04-2021,13-12-2021,Fully Paid,13-01-2022,669742,other,E1, 60 months,Not Verified,69996.0,0.2342,77.36,0.1645,3150,21,4476
521295,AZ,INDIVIDUAL,5 years,Discount Tire Co,A,MORTGAGE,10-05-2021,15-06-2021,15-06-2021,Fully Paid,15-07-2021,674090,Debt consolidation,A4, 60 months,Verified,44000.0,0.1732,120.26,0.0751,6000,14,7215
523833,MD,INDIVIDUAL,4 years,Howard University Hospital,G,RENT,10-06-2021,15-09-2021,15-06-2021,Fully Paid,15-07-2021,677800,Debt consolidation,G1, 60 months,Not Verified,55792.0,0.1032,265.83,0.2016,10000,5,15992
525780,RI,INDIVIDUAL,5 years,Polyworks LLC,A,RENT,10-07-2021,16-04-2021,13-07-2021,Fully Paid,13-08-2021,680256,wedding,A4, 36 months,Source Verified,27360.0,0.1596,155.56,0.0751,5000,13,5600
525785,AZ,INDIVIDUAL,2 years,Hershey's,F,MORTGAGE,10-06-2021,11-09-2021,11-09-2021,Fully Paid,11-10-2021,680260,home improvement,F1, 60 months,Source Verified,56000.0,0.1311,270.27,0.183,16000,18,12672
526182,CA,INDIVIDUAL,< 1 year,"Univ California, San Francisco",A,RENT,10-06-2021,14-06-2021,13-06-2021,Fully Paid,13-07-2021,680737,moving,A2, 36 months,Source Verified,75000.0,0.0176,153.07,0.0676,4975,24,5511
528531,CT,INDIVIDUAL,10+ years,CT Attorney General's Office,A,MORTGAGE,10-06-2021,16-04-2021,13-06-2021,Fully Paid,13-07-2021,683543,major purchase,A4, 36 months,Source Verified,126000.0,0.1044,171.11,0.0751,5500,31,6160
529267,WV,INDIVIDUAL,1 year,Star Plastics Inc.,C,RENT,10-06-2021,15-04-2021,13-06-2021,Fully Paid,13-07-2021,684457,other,C5, 36 months,Source Verified,30240.0,0.1028,172.65,0.1472,5000,11,6216
530617,MA,INDIVIDUAL,< 1 year,Expedia  Inc.,A,RENT,10-06-2021,13-06-2021,13-07-2021,Fully Paid,13-08-2021,686123,Debt consolidation,A2, 36 months,Not Verified,68000.0,0.1092,123.07,0.0676,4000,54,4431
530809,NJ,INDIVIDUAL,10+ years,Attitudes in Dressing  Inc,C,MORTGAGE,10-06-2021,16-05-2021,12-03-2021,Fully Paid,12-04-2021,686357,other,C4, 36 months,Verified,54996.0,0.0465,274.79,0.1435,8000,17,9444
532488,CA,INDIVIDUAL,10+ years,US Air Force,D,RENT,10-06-2021,12-02-2021,11-10-2021,Charged Off,11-11-2021,688280,Debt consolidation,D2, 36 months,Verified,54000.0,0.1873,521.53,0.1521,15000,16,8364
533036,MN,INDIVIDUAL,5 years,Thomson Reuters,B,RENT,10-06-2021,16-05-2021,15-07-2021,Fully Paid,15-08-2021,688981,credit card,B4, 60 months,Verified,78120.0,0.2438,197.89,0.1149,9000,34,11873
533329,NJ,INDIVIDUAL,3 years,"WRScompass, Inc.",B,RENT,10-07-2021,13-07-2021,13-07-2021,Fully Paid,13-08-2021,689358,small business,B5, 36 months,Verified,45000.0,0.1464,662.95,0.1186,20000,16,23868
533831,OH,INDIVIDUAL,4 years,Wesley Glen,A,MORTGAGE,10-06-2021,13-04-2021,13-04-2021,Fully Paid,13-05-2021,690006,major purchase,A4, 36 months,Not Verified,115000.0,0.062,248.89,0.0751,8000,46,8948
534506,MA,INDIVIDUAL,4 years,Mount Holyoke College,E,RENT,10-06-2021,14-06-2021,14-06-2021,Fully Paid,14-07-2021,690793,car,E1, 60 months,Source Verified,33600.0,0.0113,147.35,0.1645,6000,11,8535
535161,AZ,INDIVIDUAL,4 years,City of Tempe,C,RENT,10-06-2021,12-06-2021,12-03-2021,Fully Paid,12-04-2021,691548,car,C4, 36 months,Not Verified,42000.0,0.138,164.87,0.1435,4800,15,5373
536372,KY,INDIVIDUAL,10+ years,U.S. Customs & Border Protection,E,MORTGAGE,10-06-2021,15-07-2021,15-07-2021,Fully Paid,15-08-2021,683719,Debt consolidation,E5, 60 months,Verified,78000.0,0.0072,304.27,0.1793,12000,17,18256
536450,CO,INDIVIDUAL,< 1 year,"MapMyFitness, Inc.",C,MORTGAGE,10-07-2021,16-05-2021,13-07-2021,Fully Paid,13-08-2021,693046,credit card,C5, 36 months,Verified,100000.0,0.1734,552.46,0.1472,16000,19,19886
537275,AK,INDIVIDUAL,4 years,Northern Powerline Constructors Inc,A,MORTGAGE,10-06-2021,12-12-2021,12-12-2021,Fully Paid,12-01-2022,694059,major purchase,A3, 36 months,Not Verified,120000.0,0.041,259.91,0.0714,8400,48,9314
538731,FL,INDIVIDUAL,4 years,,C,RENT,10-07-2021,13-07-2021,13-07-2021,Fully Paid,13-08-2021,695730,moving,C3, 36 months,Not Verified,48000.0,0.1763,54.67,0.1398,1600,17,1968
540300,WA,INDIVIDUAL,< 1 year,University of Washington,B,RENT,10-07-2021,10-10-2021,10-10-2021,Fully Paid,10-11-2021,697589,Debt consolidation,B1, 36 months,Not Verified,42000.0,0.2034,356.91,0.1038,11000,35,11188
541685,WA,INDIVIDUAL,< 1 year,Superior Linen Services,C,RENT,10-07-2021,16-05-2021,14-09-2021,Charged Off,14-10-2021,699131,Debt consolidation,C2, 60 months,Not Verified,14400.0,0.1125,138.4,0.1361,6000,16,6920
541913,OR,INDIVIDUAL,1 year,Altria Sales & Distribution,B,MORTGAGE,10-07-2021,16-05-2021,11-03-2021,Fully Paid,11-04-2021,699397,Debt consolidation,B2, 36 months,Not Verified,55800.0,0.0806,130.49,0.1075,4000,16,4233
542465,GA,INDIVIDUAL,4 years,Technology Association of Georgia,E,RENT,10-07-2021,14-10-2021,13-07-2021,Fully Paid,13-08-2021,700033,moving,E1, 36 months,Source Verified,40500.0,0.0498,35.38,0.1645,1000,4,1274
544973,MA,INDIVIDUAL,4 years,South middlesex regional school,D,RENT,10-08-2021,16-03-2021,11-08-2021,Charged Off,11-09-2021,702935,other,D3, 36 months,Not Verified,63996.0,0.105,167.77,0.1558,4800,11,2183
545673,IL,INDIVIDUAL,< 1 year,ComEd,B,MORTGAGE,10-07-2021,16-05-2021,12-10-2021,Fully Paid,12-11-2021,703747,other,B4, 36 months,Not Verified,54000.0,0.1873,329.72,0.1149,10000,32,11702
546664,CA,INDIVIDUAL,10+ years,AZFF,A,MORTGAGE,10-07-2021,14-08-2021,14-08-2021,Fully Paid,14-09-2021,704890,home improvement,A5, 60 months,Source Verified,124000.0,0.0174,121.32,0.0788,6000,25,7219
547759,NJ,INDIVIDUAL,8 years,"Osiris Group, Inc.",D,MORTGAGE,10-07-2021,16-05-2021,13-08-2021,Fully Paid,13-09-2021,706296,Debt consolidation,D5, 36 months,Not Verified,70000.0,0.1195,565.05,0.1632,16000,21,20343
547816,NY,INDIVIDUAL,3 years,Sam Ash Music,D,RENT,10-07-2021,15-07-2021,15-08-2021,Fully Paid,15-09-2021,706364,small business,D5, 60 months,Verified,24000.0,0.0925,336.72,0.1632,13750,13,20203
548016,GA,INDIVIDUAL,2 years,Wingfoot Commercial Tire Company,C,RENT,10-07-2021,11-12-2021,11-08-2021,Charged Off,11-09-2021,706607,Debt consolidation,C1, 36 months,Not Verified,38400.0,0.1163,338.05,0.1323,10000,7,4375
548381,NY,INDIVIDUAL,3 years,stjohns university,F,RENT,10-07-2021,16-05-2021,11-10-2021,Fully Paid,11-11-2021,707001,other,F3, 60 months,Source Verified,24000.0,0.0945,103.86,0.1904,4000,5,4826
549838,NH,INDIVIDUAL,< 1 year,Genzyme,D,MORTGAGE,10-07-2021,16-04-2021,14-02-2021,Fully Paid,14-03-2021,708804,Debt consolidation,D4, 60 months,Not Verified,74004.0,0.1393,283.61,0.1595,11675,17,16425
550387,VA,INDIVIDUAL,2 years,Joy of Motion Dance Center,C,RENT,10-07-2021,15-05-2021,13-08-2021,Fully Paid,13-09-2021,709445,small business,C2, 36 months,Not Verified,37000.0,0.0775,217.53,0.1361,6400,11,7833
554533,MA,INDIVIDUAL,4 years,Massachusetts State Police,B,MORTGAGE,10-08-2021,13-08-2021,13-08-2021,Fully Paid,13-09-2021,714304,Debt consolidation,B5, 36 months,Verified,150000.0,0.0468,258.56,0.1186,7800,35,9308
554767,IL,INDIVIDUAL,3 years,Museum of Contemporary Art,D,RENT,10-08-2021,15-09-2021,15-04-2021,Charged Off,15-05-2021,714562,other,D3, 60 months,Source Verified,41004.0,0.1893,216.86,0.1558,9000,22,12298
556851,MN,INDIVIDUAL,6 years,Cambria,C,OWN,10-08-2021,16-05-2021,13-08-2021,Fully Paid,13-09-2021,717000,other,C2, 36 months,Verified,36960.0,0.1909,509.83,0.1361,15000,25,18355
558447,IL,INDIVIDUAL,3 years,McCormick Theological Seminary,C,MORTGAGE,10-08-2021,13-07-2021,13-07-2021,Fully Paid,13-08-2021,718884,Debt consolidation,C2, 36 months,Verified,65000.0,0.0816,339.89,0.1361,10000,29,12233
558503,CA,INDIVIDUAL,3 years,Capo,B,RENT,10-08-2021,14-08-2021,13-07-2021,Fully Paid,13-08-2021,718954,Debt consolidation,B5, 36 months,Verified,65000.0,0.1374,298.33,0.1186,9000,19,10738
558863,CA,INDIVIDUAL,2 years,Tyco FCU,B,RENT,10-08-2021,15-07-2021,12-09-2021,Fully Paid,12-10-2021,719415,credit card,B5, 36 months,Source Verified,91000.0,0.232,265.18,0.1186,8000,35,9381
559241,VA,INDIVIDUAL,4 years,Appian,B,MORTGAGE,10-08-2021,16-05-2021,15-03-2021,Fully Paid,15-04-2021,719917,major purchase,B2, 60 months,Verified,110000.0,0.0,194.57,0.1075,9000,9,11649
559541,CO,INDIVIDUAL,< 1 year,Crispin Porter + Bogusky,F,RENT,10-08-2021,13-11-2021,13-08-2021,Fully Paid,13-09-2021,720275,Debt consolidation,F1, 36 months,Verified,35000.0,0.1107,290.43,0.183,8000,4,10456
561552,CA,INDIVIDUAL,10+ years,San Francisco State University,A,OWN,10-08-2021,16-05-2021,13-08-2021,Fully Paid,13-09-2021,722690,wedding,A4, 36 months,Source Verified,43000.0,0.0455,466.67,0.0751,15000,23,16800
561859,IL,INDIVIDUAL,< 1 year,Illinois State Police Forensic Services,F,RENT,10-08-2021,16-05-2021,10-09-2021,Fully Paid,10-10-2021,723039,Debt consolidation,F2, 60 months,Not Verified,51000.0,0.1734,38.64,0.1867,1500,8,1523
564492,UT,INDIVIDUAL,4 years,Medicity,A,MORTGAGE,10-08-2021,16-01-2021,12-09-2021,Fully Paid,12-10-2021,726312,major purchase,A2, 36 months,Source Verified,66000.0,0.0027,83.08,0.0676,2700,13,2955
566043,MN,INDIVIDUAL,8 years,Action Battery Wholesalers,D,MORTGAGE,10-08-2021,14-01-2021,13-09-2021,Charged Off,13-10-2021,718546,Debt consolidation,D2, 60 months,Verified,82710.0,0.1954,434.99,0.1521,18200,39,16529
566308,CA,INDIVIDUAL,3 years,oparc,E,RENT,10-08-2021,16-05-2021,12-12-2021,Charged Off,12-01-2022,728482,moving,E1, 36 months,Source Verified,36000.0,0.0047,283.04,0.1645,8000,4,7718
567308,OR,INDIVIDUAL,2 years,King Retail Solutions,C,RENT,10-08-2021,15-05-2021,13-04-2021,Fully Paid,13-05-2021,729825,other,C2, 36 months,Verified,48450.0,0.1726,339.89,0.1361,10000,15,12180
569252,NY,INDIVIDUAL,10+ years,Verizon,F,RENT,10-08-2021,12-02-2021,11-01-2021,Fully Paid,11-02-2021,732302,Debt consolidation,F1, 60 months,Verified,54996.0,0.1691,306.69,0.183,12000,15,12721
569623,IL,INDIVIDUAL,8 years,DAYTON FREIGHT LINES,B,MORTGAGE,10-08-2021,16-05-2021,13-09-2021,Fully Paid,13-10-2021,732728,other,B5, 36 months,Not Verified,56004.0,0.042,198.89,0.1186,6000,10,7160
571483,NY,INDIVIDUAL,7 years,Deutsche Bank,C,MORTGAGE,10-08-2021,16-03-2021,11-05-2021,Fully Paid,11-06-2021,735111,Debt consolidation,C2, 60 months,Verified,110000.0,0.2187,173.0,0.1361,7500,38,7930
571729,TX,INDIVIDUAL,10+ years,Poly America,D,RENT,10-08-2021,11-08-2021,11-03-2021,Charged Off,11-04-2021,735421,Debt consolidation,D5, 60 months,Not Verified,69000.0,0.0602,239.99,0.1632,9800,10,1851
573580,GA,INDIVIDUAL,2 years,Friends of John Barrow,A,RENT,10-09-2021,14-05-2021,13-10-2021,Fully Paid,13-11-2021,737776,Debt consolidation,A5, 36 months,Not Verified,40000.0,0.1917,125.13,0.0788,4000,9,4505
573742,CA,INDIVIDUAL,2 years,westcoast ambulance,D,RENT,10-09-2021,16-05-2021,13-09-2021,Fully Paid,13-10-2021,737969,Debt consolidation,D2, 36 months,Source Verified,48000.0,0.0775,347.69,0.1521,10000,11,12517
573912,MA,INDIVIDUAL,2 years,SolarWave Energy Inc,B,RENT,10-09-2021,16-04-2021,13-02-2021,Fully Paid,13-03-2021,738326,Debt consolidation,B5, 36 months,Source Verified,45000.0,0.2411,198.89,0.1186,6000,13,7106
575536,NY,INDIVIDUAL,3 years,"Professional Risk Planners, Inc",D,MORTGAGE,10-09-2021,16-04-2021,13-09-2021,Fully Paid,13-10-2021,740264,Debt consolidation,D4, 36 months,Verified,100000.0,0.2072,483.07,0.1595,13750,38,17392
577100,DE,INDIVIDUAL,7 years,Verizon Wireless,D,RENT,10-09-2021,12-08-2021,12-08-2021,Fully Paid,12-09-2021,742142,home improvement,D2, 36 months,Verified,70000.0,0.0545,104.31,0.1521,3000,15,3644
577679,MD,INDIVIDUAL,10+ years,GIANT FOOD,D,MORTGAGE,10-09-2021,16-05-2021,15-09-2021,Fully Paid,15-10-2021,742824,vacation,D4, 60 months,Not Verified,35000.0,0.1323,97.17,0.1595,4000,13,5830
580293,CA,INDIVIDUAL,2 years,Liberty Packing Company,A,RENT,10-09-2021,16-01-2021,12-02-2021,Fully Paid,12-03-2021,745997,major purchase,A1, 36 months,Source Verified,13200.0,0.0573,122.4,0.0639,4000,10,4287
580618,FL,INDIVIDUAL,5 years,Walt Disney World Resorts,B,RENT,10-09-2021,13-05-2021,13-01-2021,Charged Off,13-02-2021,746376,car,B3, 36 months,Source Verified,27600.0,0.1535,98.39,0.1112,3000,5,2720
580956,LA,INDIVIDUAL,10+ years,acme truck line inc,A,MORTGAGE,10-09-2021,13-10-2021,13-10-2021,Fully Paid,13-11-2021,746768,credit card,A5, 36 months,Source Verified,72000.0,0.0763,469.22,0.0788,15000,52,16892
582782,MO,INDIVIDUAL,2 years,texas roadhouse,B,RENT,10-09-2021,16-02-2021,15-10-2021,Fully Paid,15-11-2021,748910,other,B4, 60 months,Not Verified,80004.0,0.1626,230.87,0.1149,10500,19,13852
586350,NV,INDIVIDUAL,3 years,Venetian,C,RENT,10-09-2021,12-10-2021,12-05-2021,Charged Off,12-06-2021,753280,medical,C3, 60 months,Source Verified,80000.0,0.1126,111.64,0.1398,4800,22,2325
586391,NY,INDIVIDUAL,10+ years,Packaging Corp. of America,B,MORTGAGE,10-09-2021,16-05-2021,15-10-2021,Fully Paid,15-11-2021,753335,credit card,B2, 60 months,Not Verified,89058.0,0.1936,129.71,0.1075,6000,23,7782
586971,CT,INDIVIDUAL,< 1 year,AllianceBernstein,F,RENT,10-09-2021,15-12-2021,13-09-2021,Fully Paid,13-10-2021,754035,credit card,F5, 36 months,Verified,55000.0,0.1596,741.14,0.1979,20000,8,26669
589653,SC,INDIVIDUAL,3 years,Conway Feed And Garden,A,MORTGAGE,10-10-2021,12-11-2021,12-11-2021,Fully Paid,12-12-2021,757464,home improvement,A3, 36 months,Source Verified,25000.0,0.2414,278.48,0.0714,9000,15,9918
590188,IL,INDIVIDUAL,6 years,Brorsen Appraisal Service  P.C.,B,MORTGAGE,10-10-2021,16-05-2021,15-10-2021,Fully Paid,15-11-2021,758134,Debt consolidation,B2, 60 months,Source Verified,48996.0,0.0642,216.18,0.1075,10000,18,12971
590854,TX,INDIVIDUAL,< 1 year,FMC Technology,A,MORTGAGE,10-10-2021,16-05-2021,13-09-2021,Fully Paid,13-10-2021,758915,Debt consolidation,A4, 36 months,Source Verified,78000.0,0.0474,435.56,0.0751,14000,25,15678
591116,CA,INDIVIDUAL,1 year,fresh and easy neigborhood market,D,RENT,10-10-2021,16-05-2021,13-11-2021,Fully Paid,13-12-2021,759239,Debt consolidation,D2, 36 months,Not Verified,48000.0,0.0165,206.41,0.1446,6000,27,7432
592807,NJ,INDIVIDUAL,5 years,Health Med Associates,C,OWN,10-10-2021,11-07-2021,11-07-2021,Fully Paid,11-08-2021,761322,Debt consolidation,C3, 36 months,Verified,45000.0,0.2371,521.07,0.1398,15250,17,16701
593254,VA,INDIVIDUAL,5 years,Sunbelt Rentals,F,MORTGAGE,10-10-2021,16-05-2021,12-06-2021,Fully Paid,12-07-2021,761842,Debt consolidation,F1, 60 months,Verified,54500.0,0.0883,255.57,0.183,10000,27,12722
594947,VA,INDIVIDUAL,8 years,HRSA-ILA 1624,D,MORTGAGE,10-10-2021,12-11-2021,12-11-2021,Fully Paid,12-12-2021,763904,other,D2, 36 months,Not Verified,39996.0,0.0243,41.73,0.1521,1200,11,1366
596915,CA,INDIVIDUAL,5 years,WELLS FARGO,C,OWN,10-10-2021,16-05-2021,11-04-2021,Charged Off,11-05-2021,766218,Debt consolidation,C3, 36 months,Verified,54996.0,0.2239,560.36,0.1398,16400,57,2795
597058,PA,INDIVIDUAL,1 year,SmartDrive Systems,A,MORTGAGE,10-10-2021,12-08-2021,12-08-2021,Fully Paid,12-09-2021,766388,car,A5, 60 months,Source Verified,78000.0,0.2098,93.01,0.0788,4600,47,5144
597883,AL,INDIVIDUAL,2 years,Renasant Bank,B,MORTGAGE,10-10-2021,16-03-2021,13-12-2021,Fully Paid,13-01-2022,767411,home improvement,B4, 36 months,Source Verified,99996.0,0.0989,158.27,0.1149,4800,35,5712
598235,LA,INDIVIDUAL,6 years,Blaze Courier,E,MORTGAGE,10-10-2021,14-05-2021,14-05-2021,Fully Paid,14-06-2021,767827,renewable_energy,E2, 60 months,Source Verified,576000.0,0.0118,123.78,0.1682,5000,20,7156
599963,TX,INDIVIDUAL,10+ years,The Gambrinus Company,A,OWN,10-10-2021,15-10-2021,15-11-2021,Fully Paid,15-12-2021,770068,car,A3, 60 months,Source Verified,79200.0,0.0191,128.12,0.0617,6600,18,7687
602573,RI,INDIVIDUAL,1 year,Mearthane Products Corporation,A,MORTGAGE,10-10-2021,16-04-2021,13-01-2021,Fully Paid,13-02-2021,773150,Debt consolidation,A3, 36 months,Not Verified,56000.0,0.0544,183.0,0.0617,6000,13,6538
606719,TX,INDIVIDUAL,2 years,Ron Carter Ford,A,MORTGAGE,10-11-2021,16-03-2021,13-03-2021,Fully Paid,13-04-2021,778335,credit card,A3, 36 months,Verified,132000.0,0.0674,341.59,0.0617,18000,15,12236
608118,UT,INDIVIDUAL,8 years,"Coverstar, LLC",A,MORTGAGE,10-12-2021,14-06-2021,13-12-2021,Fully Paid,13-01-2022,780101,Debt consolidation,A4, 36 months,Not Verified,110000.0,0.0998,406.35,0.0654,15000,41,14629
608955,MD,INDIVIDUAL,10+ years,Blind Industries&Services of Maryland,D,RENT,10-11-2021,15-09-2021,15-09-2021,Fully Paid,15-10-2021,781124,credit card,D2, 60 months,Verified,46000.0,0.2497,340.86,0.1446,14500,17,20279
609955,VA,INDIVIDUAL,10+ years,SHEEHY FORD,A,MORTGAGE,10-11-2021,16-05-2021,13-06-2021,Fully Paid,13-07-2021,782318,Debt consolidation,A2, 36 months,Verified,92000.0,0.1282,243.38,0.0579,12000,42,8745
610584,TX,INDIVIDUAL,3 years,Service Steel and Pipe Inc,B,MORTGAGE,10-11-2021,16-05-2021,12-02-2021,Fully Paid,12-03-2021,783020,credit card,B4, 36 months,Verified,55000.0,0.2295,201.65,0.0999,6250,35,6895
611129,OH,INDIVIDUAL,2 years,Aarons sales and lease,B,RENT,10-12-2021,15-07-2021,13-12-2021,Fully Paid,13-01-2022,783721,Debt consolidation,B5, 36 months,Not Verified,24996.0,0.1949,201.11,0.1036,6200,26,7240
611382,CT,INDIVIDUAL,4 years,Stanley Black & Decker,B,RENT,10-11-2021,16-04-2021,13-06-2021,Fully Paid,13-07-2021,784034,Debt consolidation,B1, 36 months,Source Verified,90000.0,0.1764,546.79,0.0888,18000,59,19578
614599,OR,INDIVIDUAL,10+ years,City of Pendleton,A,MORTGAGE,10-11-2021,14-03-2021,13-12-2021,Fully Paid,13-01-2022,788088,home improvement,A1, 36 months,Not Verified,96060.0,0.0983,301.6,0.0542,10000,36,10859
616689,CA,INDIVIDUAL,5 years,Data Specialties Inc.,C,MORTGAGE,10-11-2021,15-09-2021,13-04-2021,Fully Paid,13-05-2021,790699,credit card,C5, 36 months,Verified,120000.0,0.1216,748.92,0.1372,22000,22,26666
617833,CA,INDIVIDUAL,3 years,EnerNOC,A,RENT,10-11-2021,14-06-2021,13-12-2021,Fully Paid,13-01-2022,792051,Debt consolidation,A4, 36 months,Verified,65000.0,0.1326,371.08,0.0654,20000,17,13359
618290,GA,INDIVIDUAL,10+ years,C-Tech,B,RENT,10-11-2021,15-08-2021,13-12-2021,Fully Paid,13-01-2022,792608,Debt consolidation,B4, 36 months,Source Verified,48000.0,0.2077,161.32,0.0999,5000,11,5808
618922,NM,INDIVIDUAL,3 years,Prime Therapeutics,B,MORTGAGE,10-11-2021,11-03-2021,11-03-2021,Fully Paid,11-04-2021,793328,car,B2, 60 months,Not Verified,58000.0,0.2247,175.4,0.0925,8400,28,8592
620150,MA,INDIVIDUAL,5 years,Goody Clancy,A,MORTGAGE,10-11-2021,10-12-2021,11-01-2021,Fully Paid,11-02-2021,794855,home improvement,A2, 36 months,Source Verified,83000.0,0.0737,227.46,0.0579,7500,39,7537
620361,VA,INDIVIDUAL,3 years,"PricewaterhouseCoopers, LLP",E,MORTGAGE,10-11-2021,13-03-2021,13-03-2021,Fully Paid,13-04-2021,795117,wedding,E5, 60 months,Verified,122500.0,0.2304,376.27,0.1743,15000,29,19969
621534,OH,INDIVIDUAL,< 1 year,Chase,A,OWN,10-12-2021,16-02-2021,12-03-2021,Fully Paid,12-04-2021,796577,major purchase,A3, 36 months,Source Verified,30000.0,0.0344,200.54,0.0617,10000,11,6990
621660,VA,INDIVIDUAL,3 years,Sentara,C,MORTGAGE,10-11-2021,11-07-2021,11-07-2021,Fully Paid,11-08-2021,796735,Debt consolidation,C4, 60 months,Not Verified,36000.0,0.2463,108.94,0.1335,4750,23,5079
622125,NY,INDIVIDUAL,5 years,City of New York,A,OWN,10-12-2021,13-04-2021,13-04-2021,Fully Paid,13-05-2021,797336,Debt consolidation,A4, 36 months,Verified,75000.0,0.1678,316.64,0.0654,17000,23,11339
622164,NC,INDIVIDUAL,1 year,The Green Sage,A,RENT,10-12-2021,13-02-2021,13-02-2021,Fully Paid,13-03-2021,797382,Debt consolidation,A4, 36 months,Source Verified,33000.0,0.1484,253.78,0.0654,12000,33,9062
622539,AR,INDIVIDUAL,10+ years,John Brown University,A,MORTGAGE,10-11-2021,16-01-2021,13-12-2021,Fully Paid,13-01-2022,797849,credit card,A5, 36 months,Source Verified,95000.0,0.076,224.34,0.0691,7275,13,8076
623409,OK,INDIVIDUAL,7 years,Integris Southwest Medical Center,D,RENT,10-12-2021,16-05-2021,13-12-2021,Fully Paid,13-01-2022,798958,credit card,D3, 36 months,Verified,60000.0,0.1756,864.56,0.1483,25000,27,31126
625498,CA,INDIVIDUAL,8 years,grand central cafe,B,MORTGAGE,10-12-2021,15-07-2021,13-12-2021,Fully Paid,13-01-2022,801585,major purchase,B1, 36 months,Not Verified,36000.0,0.0123,158.72,0.0888,5000,16,5714
626882,WI,INDIVIDUAL,10+ years,Sysco,C,MORTGAGE,10-12-2021,14-02-2021,13-01-2021,Fully Paid,13-02-2021,803288,Debt consolidation,C3, 60 months,Verified,75000.0,0.2314,218.34,0.1298,9600,62,11793
627210,IL,INDIVIDUAL,10+ years,Level 3,C,RENT,10-12-2021,16-05-2021,15-04-2021,Fully Paid,15-05-2021,803705,Debt consolidation,C4, 60 months,Verified,79800.0,0.1032,256.85,0.1335,11200,41,15318
628170,RI,INDIVIDUAL,< 1 year,MEDITECH  Inc.,B,RENT,10-12-2021,16-04-2021,13-12-2021,Fully Paid,13-01-2022,804957,other,B2, 36 months,Source Verified,39000.0,0.052,159.59,0.0925,5000,10,5745
628927,CA,INDIVIDUAL,5 years,Esurance,A,RENT,10-12-2021,15-05-2021,13-04-2021,Fully Paid,13-05-2021,805827,Debt consolidation,A4, 36 months,Not Verified,60000.0,0.0426,163.31,0.0654,7000,15,5776
629423,CT,INDIVIDUAL,3 years,Interpublic Group of Companies,A,MORTGAGE,10-12-2021,16-01-2021,13-12-2021,Fully Paid,13-01-2022,806401,credit card,A3, 36 months,Source Verified,118000.0,0.0794,305.0,0.0617,10000,25,10980
629930,PA,INDIVIDUAL,< 1 year,,C,RENT,10-12-2021,14-02-2021,13-10-2021,Charged Off,13-11-2021,807075,small business,C5, 60 months,Not Verified,29000.0,0.2061,144.53,0.1372,6250,15,5109
630075,MA,INDIVIDUAL,4 years,Commonwealth of Massachusetts,G,MORTGAGE,10-12-2021,15-12-2021,16-01-2021,Fully Paid,16-02-2021,791916,small business,G1, 60 months,Source Verified,70000.0,0.0286,315.67,0.1966,12000,16,18970
630481,PA,INDIVIDUAL,1 year,United States Government - CDC/NIOSH,A,MORTGAGE,10-12-2021,16-05-2021,14-01-2021,Fully Paid,14-02-2021,807738,credit card,A2, 36 months,Not Verified,61000.0,0.1222,242.62,0.0579,8000,39,8734
632268,IL,INDIVIDUAL,3 years,General Board of Pensions and Health Ben,A,MORTGAGE,10-12-2021,13-12-2021,14-01-2021,Fully Paid,14-02-2021,809980,Debt consolidation,A2, 36 months,Verified,67000.0,0.1891,280.53,0.0579,9250,25,10099
633190,CA,INDIVIDUAL,3 years,Invesco,C,RENT,11-01-2021,16-05-2021,14-05-2021,Fully Paid,14-06-2021,811163,Debt consolidation,C2, 60 months,Not Verified,80000.0,0.155,227.84,0.1306,10000,24,13142
634062,PA,INDIVIDUAL,5 years,U. S. Steel Corp,D,MORTGAGE,10-12-2021,16-05-2021,14-08-2021,Fully Paid,14-09-2021,812303,credit card,D5, 60 months,Verified,75000.0,0.1586,481.81,0.1557,20000,34,28025
634722,CT,INDIVIDUAL,4 years,Yale University,C,OWN,10-12-2021,14-03-2021,14-01-2021,Fully Paid,14-02-2021,813115,other,C4, 36 months,Source Verified,44000.0,0.1241,67.73,0.1335,2000,7,2438
636804,MO,INDIVIDUAL,10+ years,Silicon Graphics - SGI,B,MORTGAGE,10-12-2021,16-05-2021,11-08-2021,Fully Paid,11-09-2021,815751,Debt consolidation,B4, 60 months,Source Verified,91728.0,0.2279,308.02,0.0999,14500,35,15312
641208,CA,INDIVIDUAL,10+ years,PAN PACIFIC PETROLEUM,A,MORTGAGE,11-01-2021,15-12-2021,13-10-2021,Fully Paid,13-11-2021,820793,home improvement,A4, 36 months,Verified,86000.0,0.0381,613.35,0.0654,20000,28,22061
641413,IL,INDIVIDUAL,< 1 year,MPSC,A,MORTGAGE,10-12-2021,16-05-2021,14-01-2021,Fully Paid,14-02-2021,821045,credit card,A4, 36 months,Not Verified,61800.0,0.2006,46.01,0.0654,1500,23,1656
641704,GA,INDIVIDUAL,4 years,Joiner Management,B,MORTGAGE,11-01-2021,14-01-2021,14-01-2021,Fully Paid,14-02-2021,821415,Debt consolidation,B1, 36 months,Source Verified,50000.0,0.0732,163.49,0.0888,5150,14,5886
642441,MD,INDIVIDUAL,< 1 year,1st Mariner Bank,E,MORTGAGE,11-01-2021,12-08-2021,12-08-2021,Fully Paid,12-09-2021,822290,Debt consolidation,E3, 60 months,Source Verified,66000.0,0.1284,123.44,0.1669,5000,23,6182
642844,VA,INDIVIDUAL,< 1 year,SNL Financial,A,RENT,10-12-2021,12-04-2021,11-09-2021,Fully Paid,11-10-2021,822745,credit card,A5, 36 months,Not Verified,37500.0,0.1203,42.4,0.0691,1375,6,1433
642870,NY,INDIVIDUAL,< 1 year,Allen & Overy LLP,A,RENT,11-01-2021,14-01-2021,14-01-2021,Fully Paid,14-02-2021,822771,Debt consolidation,A5, 36 months,Not Verified,75000.0,0.1435,173.46,0.0691,5625,25,6244
643103,WA,INDIVIDUAL,10+ years,Port of Everett,B,MORTGAGE,11-01-2021,16-05-2021,14-01-2021,Fully Paid,14-02-2021,823049,major purchase,B1, 36 months,Not Verified,39600.0,0.0933,158.72,0.0888,5000,20,5714
644143,RI,INDIVIDUAL,6 years,Frito- Lay Inc,A,MORTGAGE,11-01-2021,16-04-2021,14-01-2021,Fully Paid,14-02-2021,824296,wedding,A3, 36 months,Verified,63000.0,0.0227,244.0,0.0617,8000,22,8855
644191,OK,INDIVIDUAL,3 years,redriver federal credit union,B,MORTGAGE,11-01-2021,16-04-2021,14-01-2021,Fully Paid,14-02-2021,824351,Debt consolidation,B4, 36 months,Not Verified,54000.0,0.2464,322.63,0.0999,10000,13,11616
644408,WA,INDIVIDUAL,5 years,JB Factory Carpets,B,MORTGAGE,11-01-2021,16-05-2021,14-01-2021,Fully Paid,14-02-2021,824607,credit card,B3, 36 months,Not Verified,54000.0,0.0931,163.66,0.0962,5100,21,5892
645522,NY,INDIVIDUAL,4 years,Delmonico's Italian Steakhouse,D,RENT,11-01-2021,16-01-2021,16-01-2021,Fully Paid,16-02-2021,825993,other,D4, 60 months,Source Verified,15996.0,0.0263,119.48,0.152,5000,9,7168
646785,PA,INDIVIDUAL,10+ years,Volvo of Edison Inc.,A,RENT,11-01-2021,13-11-2021,12-09-2021,Fully Paid,12-10-2021,827531,vacation,A2, 36 months,Source Verified,74000.0,0.0436,181.97,0.0579,6000,23,6435
647288,LA,INDIVIDUAL,2 years,,B,OWN,11-01-2021,14-01-2021,12-11-2021,Fully Paid,12-12-2021,828146,other,B5, 36 months,Source Verified,19200.0,0.0494,32.44,0.1036,1000,9,1140
648021,GA,INDIVIDUAL,5 years,"American Independent Companies, Inc.",B,MORTGAGE,11-01-2021,14-01-2021,14-01-2021,Fully Paid,14-02-2021,829056,wedding,B4, 36 months,Not Verified,80000.0,0.1351,322.63,0.0999,10000,16,11616
649797,IL,INDIVIDUAL,5 years,SD 129,A,MORTGAGE,11-01-2021,14-08-2021,11-09-2021,Fully Paid,11-10-2021,831260,Debt consolidation,A5, 36 months,Source Verified,60000.0,0.0214,249.44,0.0766,8000,40,8373
650335,CA,INDIVIDUAL,2 years,Holy Trinity Serbian Orthodox Church,B,OWN,11-01-2021,13-02-2021,12-08-2021,Charged Off,12-09-2021,831911,Debt consolidation,B5, 60 months,Source Verified,36000.0,0.082,152.59,0.1111,7000,13,3196
653047,NY,INDIVIDUAL,1 year,,B,MORTGAGE,11-01-2021,14-01-2021,14-01-2021,Fully Paid,14-02-2021,835168,home improvement,B3, 36 months,Source Verified,500000.0,0.0871,648.83,0.1037,20000,33,23359
653195,NY,INDIVIDUAL,< 1 year,CT Networks,B,RENT,11-01-2021,13-02-2021,13-01-2021,Fully Paid,13-02-2021,833964,car,B3, 60 months,Not Verified,60000.0,0.1218,150.01,0.1037,7000,23,8184
653656,CT,INDIVIDUAL,10+ years,Crystal Rock LLC,D,MORTGAGE,11-01-2021,14-05-2021,11-12-2021,Fully Paid,11-01-2022,835926,credit card,D2, 60 months,Verified,165000.0,0.1218,474.86,0.1491,20000,33,22354
654018,NY,INDIVIDUAL,9 years,Amalgamated Warbasse Houses,B,RENT,11-02-2021,12-11-2021,12-10-2021,Fully Paid,12-11-2021,836423,Debt consolidation,B4, 36 months,Verified,43680.0,0.1467,521.86,0.1074,16000,29,18184
654488,NJ,INDIVIDUAL,10+ years,NBC Universal,B,MORTGAGE,11-01-2021,13-05-2021,13-05-2021,Fully Paid,13-06-2021,837003,credit card,B4, 36 months,Source Verified,100000.0,0.1046,326.16,0.1074,10000,15,11615
654672,CA,INDIVIDUAL,2 years,la costa glen,E,RENT,11-01-2021,16-03-2021,16-02-2021,Fully Paid,16-03-2021,837223,Debt consolidation,E1, 60 months,Verified,47496.0,0.1541,196.25,0.164,8000,20,11775
657052,NY,INDIVIDUAL,4 years,Young & Rubicam,B,RENT,11-01-2021,15-06-2021,12-06-2021,Fully Paid,12-07-2021,840329,Debt consolidation,B5, 36 months,Verified,75000.0,0.1426,459.08,0.1111,14000,21,15692
657219,CA,INDIVIDUAL,1 year,san diego regional center,F,RENT,11-02-2021,16-05-2021,11-11-2021,Charged Off,11-12-2021,840532,Debt consolidation,F2, 60 months,Verified,36000.0,0.1073,585.41,0.1862,22750,34,2968
658546,DC,INDIVIDUAL,6 years,RTKL Associates,B,RENT,11-02-2021,12-11-2021,12-11-2021,Fully Paid,12-12-2021,842227,Debt consolidation,B3, 36 months,Not Verified,51996.0,0.1334,259.53,0.1037,8000,8,8947
659466,CT,INDIVIDUAL,4 years,DOC,A,RENT,11-01-2021,14-01-2021,14-01-2021,Fully Paid,14-02-2021,843426,Debt consolidation,A4, 36 months,Not Verified,30000.0,0.2748,306.23,0.0729,9875,16,10952
660530,TX,INDIVIDUAL,3 years,NetSpend,E,RENT,11-02-2021,16-05-2021,14-03-2021,Fully Paid,14-04-2021,844808,credit card,E5, 60 months,Not Verified,67000.0,0.218,506.57,0.1788,20000,32,28115
662722,GA,INDIVIDUAL,4 years,Northeast Georgia Health Systems,A,MORTGAGE,11-01-2021,16-05-2021,14-02-2021,Fully Paid,14-03-2021,847488,credit card,A3, 36 months,Not Verified,65000.0,0.2369,111.03,0.0692,3600,24,3997
664618,MO,INDIVIDUAL,10+ years,Kohls Department Stores,A,MORTGAGE,11-02-2021,16-05-2021,13-01-2021,Fully Paid,13-02-2021,849798,Debt consolidation,A2, 36 months,Verified,30000.0,0.1512,303.27,0.0579,10000,25,10788
664738,CO,INDIVIDUAL,10+ years,Amerigas,A,OWN,11-02-2021,15-04-2021,12-05-2021,Fully Paid,12-06-2021,849947,car,A3, 36 months,Not Verified,42300.0,0.1447,61.69,0.0692,2000,14,2142
665402,NC,INDIVIDUAL,2 years,Bank of America,C,RENT,11-02-2021,13-07-2021,13-02-2021,Charged Off,13-03-2021,850723,home improvement,C2, 36 months,Not Verified,38000.0,0.1879,33.73,0.1306,1000,15,844
666599,NV,INDIVIDUAL,9 years,Horizon Specialty Hospital,B,MORTGAGE,11-02-2021,16-05-2021,14-02-2021,Fully Paid,14-03-2021,852228,Debt consolidation,B1, 36 months,Verified,130000.0,0.0658,385.13,0.0963,12000,33,13866
667056,OK,INDIVIDUAL,3 years,Mock Schwabe Waldo Elder Reeves & Bryant,E,MORTGAGE,11-02-2021,12-03-2021,12-03-2021,Fully Paid,12-04-2021,852814,credit card,E1, 60 months,Source Verified,110000.0,0.1675,367.97,0.164,15000,27,17446
668616,NY,INDIVIDUAL,1 year,Ingram Micro,A,RENT,11-02-2021,15-12-2021,14-02-2021,Fully Paid,14-03-2021,854886,Debt consolidation,A5, 36 months,Not Verified,37000.0,0.2115,324.27,0.0766,10400,18,11674
668677,MA,INDIVIDUAL,< 1 year,Tufts University,A,RENT,11-02-2021,16-05-2021,13-12-2021,Fully Paid,13-01-2022,854984,credit card,A4, 36 months,Source Verified,552000.0,0.0134,248.08,0.0729,8000,18,8927
670409,NY,INDIVIDUAL,10+ years,New York City Police Department,F,RENT,11-02-2021,13-10-2021,13-09-2021,Fully Paid,13-10-2021,857058,Debt consolidation,F3, 60 months,Verified,128000.0,0.1227,907.73,0.1899,35000,14,49122
670582,NY,INDIVIDUAL,2 years,Welliver,B,RENT,11-02-2021,14-07-2021,14-02-2021,Fully Paid,14-03-2021,857281,other,B4, 36 months,Not Verified,59000.0,0.1228,358.78,0.1074,11000,14,12917
672769,NY,INDIVIDUAL,7 years,Millennium Technology Value Partners,B,RENT,11-02-2021,13-07-2021,13-07-2021,Fully Paid,13-08-2021,859986,Debt consolidation,B4, 60 months,Source Verified,70000.0,0.036,302.59,0.1074,14000,19,16689
674448,AL,INDIVIDUAL,10+ years,Enterprise Rent A Car,G,MORTGAGE,11-02-2021,16-03-2021,16-03-2021,Fully Paid,16-04-2021,862043,Debt consolidation,G2, 60 months,Verified,101000.0,0.2028,936.66,0.2048,35000,31,56199
675534,NY,INDIVIDUAL,3 years,Stephens,F,RENT,11-02-2021,16-03-2021,16-03-2021,Fully Paid,16-04-2021,863343,Debt consolidation,F3, 60 months,Verified,110000.0,0.1293,259.36,0.1899,10000,20,15561
675816,CA,INDIVIDUAL,3 years,Bushman Products,D,RENT,11-02-2021,16-03-2021,14-03-2021,Fully Paid,14-04-2021,863658,Debt consolidation,D1, 36 months,Verified,92000.0,0.189,585.49,0.1454,17000,36,21078
677324,FL,INDIVIDUAL,9 years,Target,B,MORTGAGE,11-02-2021,16-05-2021,12-03-2021,Fully Paid,12-04-2021,865404,small business,B4, 36 months,Verified,83000.0,0.1917,391.39,0.1074,12000,55,13116
677330,MO,INDIVIDUAL,3 years,Kansas City Life,F,MORTGAGE,11-02-2021,14-01-2021,14-01-2021,Fully Paid,14-02-2021,865412,major purchase,F1, 60 months,Source Verified,59000.0,0.1141,510.6,0.1825,20000,28,28258
677569,HI,INDIVIDUAL,7 years,The Episcopal Church,C,RENT,11-02-2021,16-05-2021,12-11-2021,Fully Paid,12-12-2021,865685,Debt consolidation,C5, 36 months,Not Verified,95000.0,0.2053,1063.79,0.1417,31050,27,36702
680631,NM,INDIVIDUAL,10+ years,Western Refining,B,OWN,11-03-2021,14-03-2021,14-03-2021,Fully Paid,14-04-2021,869496,Debt consolidation,B1, 36 months,Source Verified,97000.0,0.1173,481.41,0.0963,15000,27,17331
683134,NY,INDIVIDUAL,7 years,Meyers Development,B,RENT,11-02-2021,16-05-2021,14-01-2021,Fully Paid,14-02-2021,872421,Debt consolidation,B3, 36 months,Not Verified,68000.0,0.0956,486.62,0.1037,15000,19,17507
683337,VA,INDIVIDUAL,10+ years,Smyth County Mutual Ins.,A,MORTGAGE,11-02-2021,14-08-2021,12-09-2021,Fully Paid,12-10-2021,872649,Debt consolidation,A2, 36 months,Not Verified,45000.0,0.1008,151.64,0.0579,5000,40,5338
683567,FL,INDIVIDUAL,5 years,"Computer Generated Solutions, Inc.",A,MORTGAGE,11-02-2021,14-09-2021,12-07-2021,Fully Paid,12-08-2021,872908,Debt consolidation,A1, 36 months,Not Verified,57000.0,0.0766,241.28,0.0542,8000,17,8465
686253,MA,INDIVIDUAL,1 year,Boathouse Waterfront Dining,C,OWN,11-03-2021,12-03-2021,11-09-2021,Fully Paid,11-10-2021,876032,car,C3, 60 months,Not Verified,22800.0,0.0589,129.23,0.1343,5625,7,5991
687230,NY,INDIVIDUAL,4 years,Delta air lines,A,RENT,11-03-2021,14-04-2021,14-03-2021,Fully Paid,14-04-2021,877192,Debt consolidation,A3, 36 months,Not Verified,16800.0,0.0357,154.21,0.0692,5000,5,5551
688740,OH,INDIVIDUAL,10+ years,OCLC,F,MORTGAGE,11-03-2021,16-05-2021,14-02-2021,Fully Paid,14-03-2021,878917,house,F5, 60 months,Verified,88860.0,0.2483,632.39,0.1974,24000,42,35010
689036,NY,INDIVIDUAL,9 years,Federation of Organizations,A,RENT,11-03-2021,14-03-2021,14-03-2021,Fully Paid,14-04-2021,879237,Debt consolidation,A5, 36 months,Source Verified,41500.0,0.2215,355.45,0.0766,11400,32,12796
691973,MA,INDIVIDUAL,< 1 year,Akamai Technologies,A,RENT,11-03-2021,14-03-2021,14-03-2021,Fully Paid,14-04-2021,882594,Debt consolidation,A5, 36 months,Source Verified,96500.0,0.1064,187.08,0.0766,6000,12,6735
693893,NV,INDIVIDUAL,3 years,,B,MORTGAGE,11-03-2021,16-05-2021,16-03-2021,Fully Paid,16-04-2021,884748,car,B2, 60 months,Not Verified,55000.0,0.0984,138.11,0.1,6500,16,8286
694798,AZ,INDIVIDUAL,4 years,Lake Hills Inn,B,MORTGAGE,11-03-2021,16-03-2021,14-02-2021,Fully Paid,14-03-2021,885766,credit card,B1, 36 months,Not Verified,56000.0,0.0986,322.55,0.0963,10050,27,11609
696390,FL,INDIVIDUAL,5 years,Ganeinu Preschool,B,MORTGAGE,11-03-2021,16-03-2021,16-03-2021,Fully Paid,16-04-2021,887552,car,B3, 60 months,Source Verified,52800.0,0.0245,278.59,0.1037,13000,8,16715
696566,AZ,INDIVIDUAL,6 years,northwest medical center,F,MORTGAGE,11-03-2021,16-05-2021,13-04-2021,Fully Paid,13-05-2021,887744,Debt consolidation,F1, 60 months,Verified,80000.0,0.1709,510.6,0.1825,20000,28,26544
696639,MI,INDIVIDUAL,< 1 year,Papa Murphys,D,RENT,11-03-2021,12-11-2021,12-06-2021,Charged Off,12-07-2021,887823,other,D4, 60 months,Source Verified,12000.0,0.189,50.68,0.1565,2100,5,856
698464,NV,INDIVIDUAL,7 years,edison chouest offshore,C,MORTGAGE,11-03-2021,16-05-2021,14-03-2021,Fully Paid,14-04-2021,889912,Debt consolidation,C5, 36 months,Not Verified,72000.0,0.1427,328.9,0.1417,9600,21,11836
700883,AR,INDIVIDUAL,8 years,State of Arkansas,A,RENT,11-03-2021,14-03-2021,14-04-2021,Fully Paid,14-05-2021,892603,credit card,A1, 36 months,Not Verified,39520.0,0.2466,331.76,0.0542,11000,13,11943
701559,MN,INDIVIDUAL,10+ years,"Micro-Fab,LLC",C,MORTGAGE,11-03-2021,16-01-2021,14-04-2021,Fully Paid,14-05-2021,893318,home improvement,C1, 36 months,Verified,90000.0,0.1137,1173.91,0.1268,35000,21,42260
701888,AL,INDIVIDUAL,10+ years,Nucor Steel,D,MORTGAGE,11-03-2021,15-07-2021,11-07-2021,Fully Paid,11-08-2021,893718,home improvement,D2, 36 months,Verified,53000.0,0.1309,346.22,0.1491,10000,14,10240
702009,IL,INDIVIDUAL,10+ years,Elavon/US Bank,A,MORTGAGE,11-03-2021,16-05-2021,13-05-2021,Fully Paid,13-06-2021,893849,home improvement,A5, 36 months,Not Verified,143375.0,0.1671,374.16,0.0766,12000,21,13267
702373,CT,INDIVIDUAL,6 years,Town of Mansfield,A,MORTGAGE,11-03-2021,13-02-2021,13-01-2021,Fully Paid,13-02-2021,894224,car,A1, 36 months,Source Verified,54000.0,0.0467,144.77,0.0542,4800,32,5136
702635,VA,INDIVIDUAL,3 years,Ashland Inc.,A,MORTGAGE,11-03-2021,14-04-2021,14-04-2021,Fully Paid,14-05-2021,894504,home improvement,A5, 36 months,Not Verified,69504.0,0.0477,311.8,0.0766,10000,17,11225
704058,AK,INDIVIDUAL,8 years,army,D,RENT,11-03-2021,14-02-2021,14-02-2021,Fully Paid,14-03-2021,896069,medical,D4, 60 months,Source Verified,55000.0,0.1041,193.06,0.1565,8000,12,10737
705174,CA,INDIVIDUAL,5 years,Dr.Andriani's,C,OWN,11-03-2021,16-01-2021,13-07-2021,Fully Paid,13-08-2021,897228,car,C5, 60 months,Not Verified,60000.0,0.14,256.93,0.1417,11000,20,13926
707040,MD,INDIVIDUAL,10+ years,Constellation Energy,B,MORTGAGE,11-03-2021,15-08-2021,15-02-2021,Fully Paid,15-03-2021,899341,car,B2, 60 months,Not Verified,90000.0,0.1185,106.24,0.1,5000,35,6291
707716,PA,INDIVIDUAL,4 years,Pediatric Care Specialists,A,RENT,11-03-2021,14-10-2021,14-04-2021,Fully Paid,14-05-2021,900097,Debt consolidation,A5, 36 months,Not Verified,55000.0,0.2199,299.33,0.0766,9600,44,10776
708174,AR,INDIVIDUAL,3 years,BOYD BROS,C,MORTGAGE,11-03-2021,16-05-2021,14-11-2021,Charged Off,14-12-2021,900641,car,C4, 60 months,Not Verified,34800.0,0.1266,38.81,0.138,1675,16,1669
708720,NC,INDIVIDUAL,8 years,Doubletree Hotel,D,MORTGAGE,11-03-2021,16-02-2021,15-11-2021,Fully Paid,15-12-2021,901243,small business,D3, 60 months,Not Verified,50000.0,0.2045,287.25,0.1528,12000,27,17188
709721,CA,INDIVIDUAL,4 years,American Film Institute,E,OWN,11-03-2021,16-05-2021,16-05-2021,Fully Paid,16-06-2021,902380,home improvement,E5, 60 months,Source Verified,109000.0,0.112,253.29,0.1788,10000,17,15199
711105,NY,INDIVIDUAL,< 1 year,spartan security,C,RENT,11-03-2021,16-05-2021,14-03-2021,Fully Paid,14-04-2021,903969,Debt consolidation,C5, 36 months,Verified,54860.0,0.1002,171.31,0.1417,5000,18,6162
711345,PA,INDIVIDUAL,10+ years,AAA East Central,A,RENT,11-03-2021,12-12-2021,12-12-2021,Fully Paid,12-01-2022,904239,Debt consolidation,A2, 36 months,Not Verified,53004.0,0.0736,333.6,0.0579,11000,24,11662
716528,NV,INDIVIDUAL,10+ years,Washoe County,B,MORTGAGE,11-04-2021,16-04-2021,16-04-2021,Fully Paid,16-05-2021,910420,other,B3, 60 months,Verified,77000.0,0.1699,578.6,0.1037,27000,50,34716
719143,CA,INDIVIDUAL,4 years,VF Wines  Inc,B,RENT,11-04-2021,15-10-2021,14-04-2021,Fully Paid,14-05-2021,913454,major purchase,B4, 36 months,Source Verified,63996.0,0.0825,104.38,0.1074,3200,7,3757
719322,PA,INDIVIDUAL,10+ years,Chenega Operations Services,E,RENT,11-04-2021,13-08-2021,13-07-2021,Fully Paid,13-08-2021,913650,Debt consolidation,E3, 60 months,Not Verified,48000.0,0.2082,398.85,0.1714,16000,33,21208
719459,FL,INDIVIDUAL,8 years,Willoughby Golf Club Inc.,C,OWN,11-04-2021,12-12-2021,12-08-2021,Charged Off,12-09-2021,913801,Debt consolidation,C2, 36 months,Source Verified,25000.0,0.1507,358.31,0.1306,10625,11,5762
720941,WY,INDIVIDUAL,8 years,Indian Health Service,C,MORTGAGE,11-04-2021,16-05-2021,13-05-2021,Fully Paid,13-06-2021,915440,home improvement,C1, 36 months,Not Verified,95400.0,0.1083,167.71,0.1268,5000,23,5925
720966,CA,INDIVIDUAL,3 years,NuVision FCU,C,RENT,11-04-2021,14-08-2021,14-04-2021,Fully Paid,14-05-2021,915467,Debt consolidation,C3, 36 months,Not Verified,52000.0,0.0951,176.29,0.1343,5200,18,6346
721751,MA,INDIVIDUAL,2 years,Q-Pay,D,RENT,11-04-2021,15-01-2021,14-04-2021,Fully Paid,14-05-2021,916447,Debt consolidation,D2, 36 months,Source Verified,46000.0,0.1156,242.35,0.1491,7000,18,8725
721983,NM,INDIVIDUAL,5 years,US BORDER PATROL,B,MORTGAGE,11-05-2021,16-05-2021,11-06-2021,Fully Paid,11-07-2021,916754,car,B3, 60 months,Verified,34200.0,0.2256,119.56,0.1099,5500,46,5551
722593,GA,INDIVIDUAL,1 year,Georgia Dept. of Education,B,MORTGAGE,11-04-2021,16-05-2021,14-04-2021,Fully Paid,14-05-2021,917442,Debt consolidation,B1, 36 months,Verified,71000.0,0.1949,641.88,0.0963,20000,15,23107
722915,IL,INDIVIDUAL,8 years,"Rasmussen, Inc.",B,RENT,11-04-2021,14-01-2021,14-01-2021,Fully Paid,14-02-2021,917789,Debt consolidation,B3, 36 months,Not Verified,57995.0,0.1076,181.68,0.1037,5600,7,6531
723229,IL,INDIVIDUAL,10+ years,DuPage County Sheriff's Office,F,MORTGAGE,11-04-2021,12-09-2021,12-05-2021,Charged Off,12-06-2021,918140,Debt consolidation,F4, 60 months,Verified,78000.0,0.1395,627.34,0.1936,24000,26,8255
726811,CA,INDIVIDUAL,4 years,Warnaco,A,MORTGAGE,11-04-2021,13-07-2021,13-08-2021,Fully Paid,13-09-2021,922260,Debt consolidation,A3, 36 months,Not Verified,75000.0,0.0536,370.09,0.0692,12000,11,13156
727843,PA,INDIVIDUAL,6 years,First Commonwealth Bank,E,RENT,11-04-2021,16-03-2021,13-07-2021,Fully Paid,13-08-2021,923393,Debt consolidation,E3, 60 months,Source Verified,28308.8,0.1407,261.75,0.1714,10500,43,13817
727889,OR,INDIVIDUAL,6 years,Aero Air LLC,B,RENT,11-04-2021,14-12-2021,13-05-2021,Fully Paid,13-06-2021,923446,other,B1, 36 months,Not Verified,43860.0,0.1103,179.73,0.0963,5600,15,6363
729952,MD,INDIVIDUAL,5 years,the severn group,B,RENT,11-04-2021,13-08-2021,13-08-2021,Fully Paid,13-09-2021,925837,car,B2, 36 months,Not Verified,52000.0,0.2165,209.74,0.1,6500,12,7475
731680,CA,INDIVIDUAL,5 years,Time Warner Cable,C,MORTGAGE,11-04-2021,16-01-2021,14-05-2021,Fully Paid,14-06-2021,927770,home improvement,C2, 36 months,Not Verified,44928.0,0.1207,33.73,0.1306,1000,21,1214
731888,CA,INDIVIDUAL,6 years,Yucaipa-Calimesa Jt. Unified School Dist,A,MORTGAGE,11-04-2021,15-06-2021,13-05-2021,Fully Paid,13-06-2021,927999,Debt consolidation,A2, 36 months,Source Verified,65000.0,0.0729,373.03,0.0579,12300,32,13292
732075,DC,INDIVIDUAL,10+ years,International Resources Group,F,RENT,11-04-2021,16-05-2021,14-05-2021,Fully Paid,14-06-2021,928222,Debt consolidation,F2, 36 months,Verified,90000.0,0.2556,1093.93,0.1862,30000,7,39381
734525,GA,INDIVIDUAL,< 1 year,Ed Voyles Chrysler Dodge Jeep Ram,E,MORTGAGE,11-05-2021,16-05-2021,13-10-2021,Fully Paid,13-11-2021,931053,Debt consolidation,E3, 60 months,Verified,39000.0,0.1822,380.16,0.1714,15250,38,20492
736830,VA,INDIVIDUAL,10+ years,Pendleton's Hardware  and  Power Products,D,MORTGAGE,11-05-2021,14-09-2021,14-06-2021,Charged Off,14-07-2021,933877,other,D4, 60 months,Verified,30000.0,0.1904,452.49,0.1689,18250,13,18514
737454,FL,INDIVIDUAL,< 1 year,NRT,B,MORTGAGE,11-05-2021,16-04-2021,16-05-2021,Fully Paid,16-06-2021,934641,home improvement,B3, 60 months,Verified,60000.0,0.0296,642.89,0.1037,30000,18,38573
737703,GA,INDIVIDUAL,6 years,,A,MORTGAGE,11-04-2021,14-05-2021,14-05-2021,Fully Paid,14-06-2021,934936,Debt consolidation,A1, 36 months,Not Verified,100000.0,0.0931,180.96,0.0542,6000,40,6515
739030,VA,INDIVIDUAL,4 years,Boston Pacific Company,A,MORTGAGE,11-04-2021,16-05-2021,14-01-2021,Fully Paid,14-02-2021,936550,Debt consolidation,A2, 36 months,Not Verified,125000.32,0.1134,291.14,0.0579,9600,21,10468
740421,MD,INDIVIDUAL,1 year,capital one,D,OWN,11-04-2021,16-04-2021,14-05-2021,Fully Paid,14-06-2021,938125,credit card,D3, 36 months,Not Verified,61300.0,0.2042,318.6,0.1649,9000,18,11469
741017,WA,INDIVIDUAL,5 years,City Of Seattle,B,MORTGAGE,11-04-2021,16-05-2021,12-10-2021,Fully Paid,12-11-2021,938819,car,B4, 36 months,Not Verified,81120.0,0.1843,171.46,0.1149,5200,16,5880
741489,CA,INDIVIDUAL,4 years,,D,RENT,11-05-2021,15-12-2021,14-05-2021,Fully Paid,14-06-2021,939384,small business,D4, 36 months,Source Verified,75000.0,0.0941,1067.95,0.1689,30000,28,38446
741800,SC,INDIVIDUAL,4 years,Marshalls,A,MORTGAGE,11-05-2021,14-05-2021,14-05-2021,Fully Paid,14-06-2021,939795,car,A3, 36 months,Source Verified,48000.0,0.0063,154.37,0.0699,5000,22,5557
749347,NV,INDIVIDUAL,10+ years,lvcva,C,MORTGAGE,11-05-2021,15-03-2021,14-05-2021,Fully Paid,14-06-2021,948573,Debt consolidation,C3, 36 months,Verified,60000.0,0.2346,410.08,0.1399,12000,28,14763
750212,MA,INDIVIDUAL,5 years,hot chocolate sparrow,B,RENT,11-05-2021,15-11-2021,14-05-2021,Fully Paid,14-06-2021,949517,car,B4, 36 months,Not Verified,24000.0,0.019,197.83,0.1149,6000,19,7122
751806,NJ,INDIVIDUAL,10+ years,Passaic Board of Education,B,OWN,11-05-2021,16-05-2021,16-04-2021,Fully Paid,16-05-2021,951274,home improvement,B4, 60 months,Source Verified,103008.0,0.1575,285.84,0.1149,13000,32,17149
752206,NJ,INDIVIDUAL,< 1 year,Packard Industries,D,RENT,11-05-2021,16-02-2021,14-06-2021,Fully Paid,14-07-2021,951765,Debt consolidation,D2, 60 months,Source Verified,40000.0,0.1425,194.51,0.1599,8000,23,11028
752610,AZ,INDIVIDUAL,2 years,Vi at Silverstone,A,MORTGAGE,11-05-2021,14-05-2021,14-06-2021,Fully Paid,14-07-2021,952202,major purchase,A2, 36 months,Not Verified,91000.0,0.0913,91.26,0.0599,3000,23,3285
755513,VA,INDIVIDUAL,2 years,Lutheran Family Services of VA,D,RENT,11-05-2021,16-05-2021,12-08-2021,Fully Paid,12-09-2021,955364,medical,D1, 36 months,Not Verified,35000.0,0.097,146.88,0.1562,4200,19,4850
755761,WA,INDIVIDUAL,3 years,Continental Airlines,A,OWN,11-05-2021,15-11-2021,13-01-2021,Fully Paid,13-02-2021,941013,moving,A4, 36 months,Not Verified,26000.0,0.0171,77.76,0.0749,2500,41,2711
756435,MI,INDIVIDUAL,2 years,Lenawee Medical,B,OWN,11-05-2021,15-04-2021,14-06-2021,Fully Paid,14-07-2021,956380,credit card,B5, 36 months,Source Verified,19200.0,0.1419,199.26,0.1199,6000,15,7173
756890,FL,INDIVIDUAL,4 years,THE GEO GROUP INC,D,MORTGAGE,11-06-2021,13-09-2021,13-09-2021,Fully Paid,13-10-2021,956862,house,D4, 60 months,Verified,60000.0,0.1414,297.53,0.1689,12000,41,15846
757209,MA,INDIVIDUAL,10+ years,Music and Arts,A,RENT,11-05-2021,16-01-2021,12-08-2021,Fully Paid,12-09-2021,957230,Debt consolidation,A4, 36 months,Not Verified,60000.0,0.1932,377.11,0.0749,13500,22,13009
757460,CA,INDIVIDUAL,1 year,Su Casa,B,RENT,11-05-2021,15-03-2021,13-04-2021,Fully Paid,13-05-2021,957502,small business,B4, 36 months,Source Verified,50000.0,0.0497,164.86,0.1149,5000,23,5778
758319,NJ,INDIVIDUAL,6 years,Lowes,C,RENT,11-05-2021,16-05-2021,12-01-2021,Charged Off,12-02-2021,958470,moving,C1, 36 months,Source Verified,35000.0,0.0408,168.45,0.1299,5000,11,1775
758841,TX,INDIVIDUAL,10+ years,"Arkema, Inc.",C,OWN,11-05-2021,16-05-2021,14-08-2021,Fully Paid,14-09-2021,959051,car,C2, 60 months,Not Verified,87600.0,0.1377,128.83,0.1349,5600,42,7394
759277,MA,INDIVIDUAL,2 years,Pfizer,E,RENT,11-05-2021,15-12-2021,14-01-2021,Fully Paid,14-02-2021,959510,small business,E1, 60 months,Verified,95100.0,0.2203,507.76,0.1799,20000,21,27612
759594,NY,INDIVIDUAL,10+ years,NewYork-Presbyterian,B,OWN,11-05-2021,16-05-2021,14-06-2021,Fully Paid,14-07-2021,959844,home improvement,B3, 36 months,Source Verified,124000.0,0.0703,65.47,0.1099,2000,31,2357
761158,CA,INDIVIDUAL,6 years,rocky media,B,RENT,11-06-2021,13-11-2021,13-12-2021,Fully Paid,13-01-2022,961557,Debt consolidation,B2, 60 months,Source Verified,114996.0,0.069,224.01,0.1059,10400,13,11980
763401,MI,INDIVIDUAL,10+ years,farm bureau insurance,C,MORTGAGE,11-05-2021,16-05-2021,13-02-2021,Charged Off,13-03-2021,964017,home improvement,C5, 60 months,Source Verified,50000.0,0.1834,143.47,0.1523,6000,23,2869
768820,VA,INDIVIDUAL,10+ years,GPI Inc. Carquest Auto Parts,B,MORTGAGE,11-06-2021,16-05-2021,16-05-2021,Current,16-06-2021,970202,Debt consolidation,B4, 60 months,Verified,31000.0,0.2516,368.3,0.1149,16750,46,21667
769142,CA,INDIVIDUAL,< 1 year,Best Buy,D,MORTGAGE,11-06-2021,15-05-2021,16-05-2021,Current,16-06-2021,970571,Debt consolidation,D2, 60 months,Verified,96188.0,0.1622,269.27,0.1599,11075,28,15866
770155,IL,INDIVIDUAL,10+ years,Southern Illinois Healthcare,B,MORTGAGE,11-06-2021,13-04-2021,13-04-2021,Fully Paid,13-05-2021,971744,home improvement,B1, 36 months,Not Verified,90000.0,0.2173,180.67,0.0999,5600,33,6149
772278,LA,INDIVIDUAL,1 year,Project Leadership Associates,D,MORTGAGE,11-07-2021,16-05-2021,16-05-2021,Current,16-06-2021,974194,Debt consolidation,D4, 60 months,Verified,90000.0,0.2015,495.87,0.1689,20000,22,28695
773362,TX,INDIVIDUAL,7 years,Texas Alcoholic Beverage Commission,B,MORTGAGE,11-06-2021,15-11-2021,14-06-2021,Fully Paid,14-07-2021,975395,Debt consolidation,B1, 36 months,Source Verified,50000.0,0.114,322.63,0.0999,10000,15,11614
775351,CO,INDIVIDUAL,6 years,Del Mar Carpet One,B,MORTGAGE,11-06-2021,16-05-2021,16-05-2021,Current,16-06-2021,977598,car,B3, 60 months,Not Verified,50000.0,0.0283,65.22,0.1099,3000,23,3837
775556,SC,INDIVIDUAL,10+ years,A & J escort & flag car service Inc.,A,OWN,11-06-2021,13-02-2021,12-08-2021,Charged Off,12-09-2021,977818,other,A5, 36 months,Not Verified,48000.0,0.2277,151.51,0.0849,4800,24,2297
776508,IL,INDIVIDUAL,9 years,USDA/FMMA,D,RENT,11-06-2021,16-05-2021,14-06-2021,Fully Paid,14-07-2021,978861,wedding,D1, 36 months,Source Verified,34200.0,0.2274,330.47,0.1562,9450,31,11897
777849,NJ,INDIVIDUAL,10+ years,Bagels Galore,B,RENT,11-06-2021,16-05-2021,13-03-2021,Charged Off,13-04-2021,980377,home improvement,B5, 36 months,Not Verified,30000.0,0.086,332.1,0.1199,10000,7,7236
778772,CA,INDIVIDUAL,6 years,Elementum Inc,A,RENT,11-06-2021,16-05-2021,13-03-2021,Fully Paid,13-04-2021,981402,major purchase,A4, 36 months,Not Verified,38000.0,0.2021,175.26,0.0791,5600,23,6176
778810,UT,INDIVIDUAL,3 years,,A,MORTGAGE,11-06-2021,14-06-2021,14-06-2021,Fully Paid,14-07-2021,981445,medical,A4, 36 months,Not Verified,36000.0,0.1723,164.84,0.0749,5300,22,5934
778976,LA,INDIVIDUAL,10+ years,Remington College,D,MORTGAGE,11-06-2021,16-05-2021,12-07-2021,Fully Paid,12-08-2021,981633,Debt consolidation,D2, 36 months,Source Verified,162500.0,0.1949,351.53,0.1599,10000,25,11494
782134,FL,INDIVIDUAL,2 years,Lumos Consulting Group  Inc.,A,MORTGAGE,11-06-2021,14-06-2021,14-07-2021,Fully Paid,14-08-2021,985078,home improvement,A1, 36 months,Source Verified,159996.0,0.0126,361.92,0.0542,12000,15,13029
782241,IL,INDIVIDUAL,5 years,Marathon Pipeline,A,MORTGAGE,11-07-2021,12-06-2021,12-06-2021,Fully Paid,12-07-2021,985206,home improvement,A3, 36 months,Not Verified,120000.0,0.1388,344.23,0.0699,16000,35,11774
782520,NJ,INDIVIDUAL,4 years,"Diopsys, Inc.",A,RENT,11-06-2021,14-06-2021,14-07-2021,Fully Paid,14-08-2021,985515,wedding,A5, 36 months,Not Verified,44000.0,0.2125,158.77,0.089,5000,12,5716
782960,LA,INDIVIDUAL,9 years,Dow Chemical,E,MORTGAGE,11-06-2021,16-05-2021,15-09-2021,Fully Paid,15-10-2021,986027,credit card,E4, 60 months,Verified,123000.0,0.1845,617.28,0.1929,28000,35,36496
783983,TX,INDIVIDUAL,7 years,SME Associates,D,MORTGAGE,11-06-2021,13-07-2021,13-07-2021,Fully Paid,13-08-2021,987146,Debt consolidation,D1, 60 months,Verified,150000.0,0.159,669.24,0.1562,35000,29,35200
784660,NJ,INDIVIDUAL,4 years,Brahman Capital Corp,C,RENT,11-06-2021,14-02-2021,14-01-2021,Fully Paid,14-02-2021,987892,wedding,C4, 60 months,Source Verified,200000.0,0.0526,283.57,0.1479,16000,22,15671
785159,CA,INDIVIDUAL,3 years,Merrill Lynch,B,RENT,11-06-2021,13-02-2021,13-01-2021,Fully Paid,13-02-2021,988428,vacation,B5, 36 months,Verified,130000.0,0.0344,265.68,0.1199,8000,15,9139
787038,TX,INDIVIDUAL,5 years,Stinger Wellhead Protection Serv,A,OWN,11-09-2021,15-11-2021,13-04-2021,Fully Paid,13-05-2021,990536,Debt consolidation,A1, 36 months,Not Verified,56000.0,0.2529,280.01,0.0603,9200,22,9848
793656,NH,INDIVIDUAL,7 years,Emmanuel Baptist Church,A,MORTGAGE,11-07-2021,12-06-2021,12-06-2021,Fully Paid,12-07-2021,998185,other,A2, 36 months,Not Verified,69000.0,0.0263,121.67,0.0599,4000,26,4192
794375,MA,INDIVIDUAL,10+ years,Marchand Insurance Agency,B,MORTGAGE,11-06-2021,13-09-2021,13-09-2021,Fully Paid,13-10-2021,998994,moving,B4, 36 months,Not Verified,66000.0,0.1727,217.62,0.1149,6600,32,7523
795104,CA,INDIVIDUAL,3 years,MGA Entertainment,B,RENT,11-07-2021,16-05-2021,14-07-2021,Fully Paid,14-08-2021,999806,Debt consolidation,B1, 36 months,Verified,160000.0,0.086,645.25,0.0999,20000,19,23229
795341,LA,INDIVIDUAL,10+ years,Caddo Parish Schools,A,MORTGAGE,11-06-2021,12-02-2021,12-02-2021,Fully Paid,12-03-2021,1000072,vacation,A2, 36 months,Source Verified,70000.0,0.0873,76.05,0.0599,2500,27,2581
795609,MA,INDIVIDUAL,10+ years,The Boston Consulting Group,B,RENT,11-07-2021,15-12-2021,15-12-2021,Fully Paid,15-01-2022,1000361,Debt consolidation,B4, 60 months,Verified,96000.0,0.0734,355.1,0.1149,25000,20,21211
797932,UT,INDIVIDUAL,10+ years,Autoliv,B,MORTGAGE,11-06-2021,16-05-2021,16-05-2021,Current,16-06-2021,1002989,vacation,B3, 60 months,Not Verified,75000.0,0.0,326.07,0.1099,15000,22,18899
798802,NH,INDIVIDUAL,2 years,The Trump Network,B,MORTGAGE,11-07-2021,12-12-2021,12-07-2021,Charged Off,12-08-2021,1003945,Debt consolidation,B2, 36 months,Not Verified,110000.0,0.1552,257.92,0.1059,7925,20,4430
799383,CO,INDIVIDUAL,9 years,US Army,B,MORTGAGE,11-06-2021,16-05-2021,13-06-2021,Fully Paid,13-07-2021,1004568,home improvement,B2, 36 months,Source Verified,88200.0,0.2037,97.64,0.1059,3000,28,3419
801545,FL,INDIVIDUAL,< 1 year,holmes correctional,D,RENT,11-07-2021,15-04-2021,14-08-2021,Fully Paid,14-09-2021,1007133,Debt consolidation,D1, 36 months,Source Verified,33000.0,0.2131,209.82,0.1562,6000,10,7553
803921,OH,INDIVIDUAL,10+ years,snydermanufacturing inc,A,OWN,11-07-2021,16-05-2021,13-05-2021,Fully Paid,13-06-2021,1009731,Debt consolidation,A4, 36 months,Not Verified,35000.0,0.1882,575.39,0.0749,18500,27,20350
806516,FL,INDIVIDUAL,< 1 year,KHS&S Contractors,B,RENT,11-07-2021,13-12-2021,13-11-2021,Fully Paid,13-12-2021,1012703,credit card,B3, 36 months,Not Verified,44000.0,0.1631,100.66,0.1099,3075,13,3592
807142,MI,INDIVIDUAL,7 years,CSC,F,RENT,11-07-2021,16-05-2021,12-04-2021,Charged Off,12-05-2021,987655,Debt consolidation,F2, 60 months,Verified,56000.0,0.2128,495.87,0.2062,28200,18,9159
809216,TX,INDIVIDUAL,1 year,Air System Components,A,RENT,11-07-2021,16-05-2021,14-07-2021,Fully Paid,14-08-2021,1016013,Debt consolidation,A4, 36 months,Not Verified,73000.0,0.1434,373.22,0.0749,12000,29,13436
811215,NC,INDIVIDUAL,10+ years,wells fargo,C,MORTGAGE,11-07-2021,16-05-2021,11-09-2021,Fully Paid,11-10-2021,1018210,Debt consolidation,C4, 60 months,Verified,66996.0,0.0777,378.88,0.1479,16000,20,16395
812120,WA,INDIVIDUAL,3 years,Portland Plastics,E,MORTGAGE,11-07-2021,15-10-2021,12-05-2021,Charged Off,12-06-2021,1019248,Debt consolidation,E4, 60 months,Not Verified,40000.0,0.1239,313.21,0.1929,12000,12,3439
815548,SC,INDIVIDUAL,2 years,Compact Power Equipment Centers,B,MORTGAGE,11-08-2021,16-05-2021,16-05-2021,Current,16-06-2021,1023219,Debt consolidation,B3, 60 months,Not Verified,44904.0,0.2223,152.17,0.1099,7000,21,8651
815946,NJ,INDIVIDUAL,10+ years,c.r.laurence,D,MORTGAGE,11-07-2021,16-01-2021,12-08-2021,Fully Paid,12-09-2021,1003196,Debt consolidation,D2, 36 months,Verified,122000.0,0.2114,421.83,0.1599,12000,57,13793
816541,TX,INDIVIDUAL,6 years,Goodman Networks,B,MORTGAGE,11-07-2021,16-05-2021,16-05-2021,Current,16-06-2021,1024289,renewable_energy,B4, 60 months,Verified,109000.0,0.0799,593.67,0.1149,27000,34,33788
817747,NJ,INDIVIDUAL,4 years,AG Life,A,MORTGAGE,11-07-2021,16-05-2021,14-08-2021,Fully Paid,14-09-2021,1025616,Debt consolidation,A2, 36 months,Source Verified,73000.0,0.195,152.09,0.0599,5000,63,5475
820392,MA,INDIVIDUAL,4 years,Harvard University AA&D,A,RENT,11-07-2021,11-08-2021,11-10-2021,Fully Paid,11-11-2021,1028613,Debt consolidation,A4, 36 months,Source Verified,50000.0,0.1354,466.53,0.0749,15000,11,15181
822196,TX,INDIVIDUAL,10+ years,UPS,E,MORTGAGE,11-07-2021,16-05-2021,12-05-2021,Fully Paid,12-06-2021,1030617,Debt consolidation,E2, 60 months,Verified,105996.0,0.1737,716.97,0.1839,28000,37,31699
822354,FL,INDIVIDUAL,3 years,Kohler Interiors/Baker Furniture,C,RENT,11-07-2021,16-05-2021,13-04-2021,Fully Paid,13-05-2021,1030785,Debt consolidation,C2, 36 months,Verified,104000.0,0.236,539.5,0.1349,15900,26,18697
823579,TX,INDIVIDUAL,10+ years,JDW Beauty Inc.,B,MORTGAGE,11-07-2021,14-04-2021,14-04-2021,Fully Paid,14-05-2021,1032159,other,B1, 36 months,Not Verified,69996.0,0.0,103.24,0.0999,3200,9,3708
825660,MA,INDIVIDUAL,2 years,Brockton Public Schools,B,RENT,11-07-2021,14-03-2021,12-09-2021,Fully Paid,12-10-2021,1034471,wedding,B4, 36 months,Source Verified,60000.0,0.1374,98.92,0.1149,3000,24,3319
827721,WA,INDIVIDUAL,1 year,aafes,D,RENT,11-07-2021,15-06-2021,13-08-2021,Fully Paid,13-09-2021,1036696,Debt consolidation,D5, 36 months,Source Verified,14400.0,0.0958,71.8,0.1749,2000,4,2508
829132,OK,INDIVIDUAL,9 years,Sartain Fishbein and Co,B,MORTGAGE,11-07-2021,14-04-2021,14-04-2021,Fully Paid,14-05-2021,1038218,Debt consolidation,B3, 60 months,Not Verified,93996.0,0.0628,369.54,0.1099,17000,20,20916
831015,CA,INDIVIDUAL,5 years,LEMO USA,A,RENT,11-08-2021,13-12-2021,13-02-2021,Fully Paid,13-03-2021,1040213,small business,A3, 36 months,Source Verified,22800.0,0.2647,54.8,0.0699,1775,25,1907
831099,FL,INDIVIDUAL,4 years,Chenega Logistics,C,MORTGAGE,11-07-2021,11-10-2021,11-10-2021,Fully Paid,11-11-2021,1040300,Debt consolidation,C1, 36 months,Source Verified,96000.0,0.1596,84.23,0.1299,2500,20,2554
832424,CA,INDIVIDUAL,10+ years,CAl Fire,B,RENT,11-08-2021,16-05-2021,12-04-2021,Fully Paid,12-05-2021,1041813,Debt consolidation,B5, 60 months,Verified,99996.0,0.1775,667.19,0.1199,30000,31,32293
834105,CA,INDIVIDUAL,10+ years,,B,MORTGAGE,11-08-2021,16-05-2021,16-05-2021,Current,16-06-2021,1043914,credit card,B3, 60 months,Source Verified,168000.0,0.1435,760.82,0.1099,35000,21,43351
835682,CT,INDIVIDUAL,< 1 year,CareCentrix,B,RENT,11-08-2021,16-04-2021,13-05-2021,Charged Off,13-06-2021,1045654,other,B5, 60 months,Source Verified,59040.0,0.2171,249.09,0.1199,11200,40,5230
836641,TX,INDIVIDUAL,1 year,Conroe Independent School District,C,MORTGAGE,11-08-2021,16-05-2021,13-07-2021,Charged Off,13-08-2021,1046707,small business,C1, 36 months,Source Verified,55000.0,0.2206,235.83,0.1299,7000,16,5423
838233,GA,INDIVIDUAL,7 years,Verizon,A,RENT,11-08-2021,13-03-2021,13-02-2021,Fully Paid,13-03-2021,1048299,Debt consolidation,A4, 36 months,Verified,94527.68,0.1205,342.12,0.0749,11000,9,11818
840441,CA,INDIVIDUAL,10+ years,Angels Baseball,A,RENT,11-08-2021,12-10-2021,12-09-2021,Fully Paid,12-10-2021,1050822,Debt consolidation,A5, 36 months,Source Verified,46000.0,0.2267,441.89,0.0849,14000,28,15093
842469,NJ,INDIVIDUAL,1 year,Plaza Private Residences,C,RENT,11-08-2021,14-02-2021,13-09-2021,Charged Off,13-10-2021,1053152,Debt consolidation,C4, 60 months,Source Verified,45000.0,0.1472,284.16,0.1479,12000,36,8246
842971,NY,INDIVIDUAL,< 1 year,Royal Bank of Scotland,B,RENT,11-08-2021,12-12-2021,12-12-2021,Fully Paid,12-01-2022,1053681,car,B3, 36 months,Verified,225000.0,0.0551,196.41,0.1099,6000,18,6700
844877,AR,INDIVIDUAL,6 years,Harding University,D,MORTGAGE,11-08-2021,16-05-2021,14-08-2021,Fully Paid,14-09-2021,1055981,Debt consolidation,D1, 36 months,Source Verified,37000.0,0.2017,244.79,0.1562,7000,36,8812
846262,NC,INDIVIDUAL,3 years,Centers For Disease Control,C,MORTGAGE,11-08-2021,16-05-2021,16-05-2021,Current,16-06-2021,1057637,home improvement,C2, 60 months,Not Verified,62000.0,0.0927,331.27,0.1349,14400,21,18517
847538,CA,INDIVIDUAL,10+ years,Orchard Supply and Hardware,B,RENT,11-08-2021,15-11-2021,12-06-2021,Fully Paid,12-07-2021,1059043,other,B4, 36 months,Not Verified,26000.0,0.2215,41.22,0.1149,1250,20,1357
850043,NC,INDIVIDUAL,10+ years,"Turning Point Services, Inc.",E,MORTGAGE,11-08-2021,13-02-2021,13-01-2021,Fully Paid,13-02-2021,1061827,Debt consolidation,E2, 60 months,Verified,74000.0,0.1266,512.13,0.1839,20000,29,24750
850452,OH,INDIVIDUAL,6 years,Cardno TBE,D,MORTGAGE,11-08-2021,16-03-2021,15-08-2021,Fully Paid,15-09-2021,1062278,Debt consolidation,D5, 60 months,Verified,50000.0,0.1702,609.09,0.1749,24250,45,35855
853010,TX,INDIVIDUAL,< 1 year,DISA Inc,B,MORTGAGE,11-08-2021,16-05-2021,14-02-2021,Fully Paid,14-03-2021,1058931,major purchase,B5, 36 months,Source Verified,58000.0,0.083,385.24,0.1199,11600,11,13790
853157,NC,INDIVIDUAL,10+ years,walmart transportation,E,MORTGAGE,11-08-2021,13-03-2021,13-03-2021,Fully Paid,13-04-2021,1065313,Debt consolidation,E2, 36 months,Verified,70000.0,0.2102,247.17,0.1839,6800,42,8312
853204,SC,INDIVIDUAL,2 years,Wells Fargo,E,OWN,11-08-2021,16-05-2021,12-09-2021,Fully Paid,12-10-2021,1065361,Debt consolidation,E2, 60 months,Source Verified,63000.0,0.1467,322.64,0.1839,12600,24,14780
853561,VA,INDIVIDUAL,8 years,Tazewell County Sheriffs Office,A,MORTGAGE,11-08-2021,14-10-2021,12-09-2021,Fully Paid,12-10-2021,1065735,Debt consolidation,A4, 36 months,Not Verified,35500.0,0.238,279.92,0.0749,9000,28,9580
854864,MO,INDIVIDUAL,4 years,AMC Inc,D,RENT,11-08-2021,13-05-2021,12-12-2021,Charged Off,12-01-2022,1067145,other,D4, 60 months,Not Verified,33804.0,0.1668,74.39,0.1689,3000,15,1250
855539,OH,INDIVIDUAL,8 years,brightwood,B,OWN,11-08-2021,16-05-2021,16-05-2021,Current,16-06-2021,1067857,car,B4, 60 months,Not Verified,60000.0,0.1062,112.14,0.1149,5100,30,6251
855838,OH,INDIVIDUAL,8 years,Verizon Wireless,D,MORTGAGE,11-08-2021,14-02-2021,14-03-2021,Fully Paid,14-04-2021,1068181,wedding,D3, 60 months,Source Verified,55000.0,0.1124,307.24,0.1649,12500,21,16551
856907,OH,INDIVIDUAL,7 years,Cumberland Development,B,RENT,11-08-2021,16-05-2021,16-05-2021,Current,16-06-2021,1069314,Debt consolidation,B5, 60 months,Source Verified,46800.0,0.0403,444.79,0.1199,20000,12,24880
858282,NY,INDIVIDUAL,10+ years,Frank Corigliano Contractor  Inc.,E,MORTGAGE,11-08-2021,13-09-2021,13-09-2021,Fully Paid,13-10-2021,1070848,Debt consolidation,E2, 60 months,Not Verified,63996.0,0.0776,384.1,0.1839,15000,16,19787
861889,OH,INDIVIDUAL,7 years,Nashfinch,D,RENT,11-09-2021,13-02-2021,12-09-2021,Charged Off,12-10-2021,1074811,Debt consolidation,D3, 60 months,Verified,38000.0,0.2207,398.19,0.1649,16200,24,5577
862101,NJ,INDIVIDUAL,10+ years,norfolk southern corp,A,OWN,11-08-2021,16-05-2021,12-12-2021,Fully Paid,12-01-2022,1075080,major purchase,A4, 36 months,Not Verified,57600.0,0.119,202.17,0.0749,6500,25,7000
864060,CA,INDIVIDUAL,1 year,"Hp Enterprise Services, LLC",B,RENT,11-08-2021,14-10-2021,14-05-2021,Charged Off,14-06-2021,1077270,credit card,B5, 36 months,Not Verified,89700.0,0.1473,199.26,0.1199,6000,17,6484
864244,CA,INDIVIDUAL,10+ years,Lockheed Martin,B,MORTGAGE,11-09-2021,14-09-2021,14-09-2021,Fully Paid,14-10-2021,1077410,small business,B4, 36 months,Verified,175000.0,0.0922,593.49,0.1149,18000,29,21365
866411,TX,INDIVIDUAL,< 1 year,Falcon Insurance,B,RENT,11-08-2021,16-01-2021,12-05-2021,Fully Paid,12-06-2021,1079923,credit card,B5, 36 months,Verified,42000.0,0.1831,61.44,0.1199,1850,28,1986
868396,FL,INDIVIDUAL,3 years,Solution FFCP INC,E,RENT,11-09-2021,15-06-2021,13-11-2021,Fully Paid,13-12-2021,1082172,major purchase,E3, 36 months,Source Verified,72000.0,0.0802,146.2,0.1879,4000,13,5145
868669,NY,INDIVIDUAL,5 years,EmblemHealth,C,RENT,11-09-2021,16-04-2021,14-04-2021,Fully Paid,14-05-2021,1063033,Debt consolidation,C4, 36 months,Source Verified,51500.0,0.1615,45.8,0.1479,1325,23,1642
870130,OK,INDIVIDUAL,6 years,Euro-American Tours,B,MORTGAGE,11-09-2021,14-09-2021,14-09-2021,Fully Paid,14-10-2021,1084121,home improvement,B2, 36 months,Not Verified,32760.0,0.1883,195.27,0.1059,6000,32,7030
872605,TX,INDIVIDUAL,3 years,Andrews Trucking Inc.,C,MORTGAGE,11-09-2021,16-05-2021,12-08-2021,Fully Paid,12-09-2021,1086810,other,C4, 60 months,Verified,95400.0,0.1824,312.58,0.1479,13200,32,14741
872714,MT,INDIVIDUAL,6 years,snowy mountain motors,E,OWN,11-09-2021,16-05-2021,15-03-2021,Fully Paid,15-04-2021,1086920,Debt consolidation,E3, 60 months,Source Verified,65000.0,0.173,282.66,0.1942,10800,9,16230
873017,TX,INDIVIDUAL,1 year,SA Quality Fence,D,RENT,11-09-2021,16-05-2021,13-11-2021,Fully Paid,13-12-2021,1087250,major purchase,D1, 36 months,Not Verified,65000.0,0.2345,349.7,0.1562,10000,51,12352
874491,HI,INDIVIDUAL,3 years,"Tori Richard, Ltd.",A,RENT,11-09-2021,16-05-2021,14-09-2021,Fully Paid,14-10-2021,1088966,Debt consolidation,A1, 36 months,Source Verified,30000.0,0.2868,267.67,0.0542,8875,12,9636
875198,CA,INDIVIDUAL,8 years,Pacific Waterjet Cutting Inc,B,RENT,11-09-2021,16-04-2021,14-06-2021,Fully Paid,14-07-2021,1089659,Debt consolidation,B4, 36 months,Not Verified,38000.0,0.2466,263.78,0.1149,8000,9,9481
875994,OH,INDIVIDUAL,8 years,AT&T,E,MORTGAGE,11-09-2021,12-01-2021,12-01-2021,Fully Paid,12-02-2021,1090592,Debt consolidation,E5, 60 months,Source Verified,130000.0,0.1839,347.45,0.1969,13200,23,14053
876428,VA,INDIVIDUAL,3 years,Capital One Financial,C,RENT,11-09-2021,16-04-2021,12-01-2021,Fully Paid,12-02-2021,1090999,car,C4, 36 months,Not Verified,35550.0,0.1063,172.82,0.1479,5000,37,5189
878317,CA,INDIVIDUAL,6 years,Southern California Edison,B,MORTGAGE,11-09-2021,12-10-2021,12-10-2021,Fully Paid,12-11-2021,1093089,wedding,B5, 36 months,Verified,220000.0,0.0867,244.1,0.1199,7350,31,8167
879231,FL,INDIVIDUAL,10+ years,CMA Technology Solutions,B,RENT,11-10-2021,16-05-2021,16-05-2021,Current,16-06-2021,1094044,other,B1, 60 months,Verified,130000.0,0.0188,636.09,0.0991,30000,34,34984
879867,NY,INDIVIDUAL,1 year,Penguin Group (USA),A,RENT,11-09-2021,15-10-2021,14-10-2021,Fully Paid,14-11-2021,1094762,Debt consolidation,A4, 36 months,Not Verified,45000.0,0.1629,262.84,0.079,8400,26,9462
879929,FL,INDIVIDUAL,3 years,DSV AIR AND SEA,D,RENT,11-09-2021,14-01-2021,14-01-2021,Fully Paid,14-02-2021,1094865,Debt consolidation,D4, 60 months,Verified,47000.0,0.1494,571.26,0.1758,24600,25,30290
881729,CA,INDIVIDUAL,10+ years,"University of California, Riverside",A,MORTGAGE,11-09-2021,16-05-2021,14-10-2021,Fully Paid,14-11-2021,1096810,Debt consolidation,A4, 36 months,Source Verified,79536.0,0.2081,513.95,0.079,16425,27,18502
882593,NJ,INDIVIDUAL,4 years,International Fund Services,A,RENT,11-09-2021,16-05-2021,14-10-2021,Fully Paid,14-11-2021,1097836,credit card,A2, 36 months,Not Verified,70000.0,0.2436,138.17,0.0662,4500,24,4974
883203,GA,INDIVIDUAL,5 years,Dept of Veterans Affairs,C,MORTGAGE,11-09-2021,16-05-2021,15-12-2021,Fully Paid,15-01-2022,1098463,Debt consolidation,C4, 60 months,Not Verified,150000.0,0.0682,350.61,0.1527,14650,29,20837
883827,PA,INDIVIDUAL,4 years,Fresinius Medical Care,C,RENT,11-10-2021,16-05-2021,15-05-2021,Charged Off,15-06-2021,1099110,other,C2, 60 months,Source Verified,27000.0,0.0564,210.68,0.1427,9000,10,9059
884143,AZ,INDIVIDUAL,2 years,A.C.U.A.,C,OWN,11-09-2021,16-05-2021,16-05-2021,Current,16-06-2021,1099486,other,C2, 60 months,Verified,20400.0,0.1329,234.09,0.1427,10000,14,13366
884627,AZ,INDIVIDUAL,10+ years,"SOMBRA HOMES, INC.",A,MORTGAGE,11-09-2021,16-05-2021,13-03-2021,Charged Off,13-04-2021,1100072,Debt consolidation,A3, 36 months,Verified,38484.0,0.2694,194.45,0.0751,6250,40,3305
884655,TX,INDIVIDUAL,< 1 year,"Crowe Horwath, LLP",A,MORTGAGE,11-09-2021,16-05-2021,14-08-2021,Fully Paid,14-09-2021,1100107,Debt consolidation,A4, 36 months,Not Verified,115000.0,0.2486,225.29,0.079,7200,25,8106
884691,CA,INDIVIDUAL,5 years,Fitness Quest 10,D,RENT,11-09-2021,14-11-2021,14-08-2021,Charged Off,14-09-2021,1100151,Debt consolidation,D2, 36 months,Verified,53000.0,0.1164,710.77,0.1677,20000,13,23783
884904,CA,INDIVIDUAL,10+ years,Pericom,B,MORTGAGE,11-09-2021,15-02-2021,15-02-2021,Fully Paid,15-03-2021,1083309,credit card,B3, 60 months,Not Verified,73000.0,0.2681,760.82,0.1099,35000,36,44397
886100,PA,INDIVIDUAL,10+ years,Commonwealth Of PA-DMVA,B,RENT,11-09-2021,16-01-2021,14-03-2021,Fully Paid,14-04-2021,1101895,Debt consolidation,B4, 36 months,Not Verified,77000.0,0.0552,501.23,0.1242,15000,18,17903
887499,OR,INDIVIDUAL,9 years,Oregon Department of Human Services,A,RENT,11-09-2021,14-09-2021,14-10-2021,Fully Paid,14-11-2021,1103766,Debt consolidation,A2, 36 months,Not Verified,32340.0,0.0375,214.93,0.0662,7000,10,7737
887527,VA,INDIVIDUAL,10+ years,Virginia Polytechnic Inst. & State Univ.,A,MORTGAGE,11-09-2021,14-09-2021,14-10-2021,Fully Paid,14-11-2021,1103700,credit card,A3, 36 months,Not Verified,53000.0,0.2441,336.0,0.0751,10800,19,12096
888692,NY,INDIVIDUAL,1 year,ExImWare Inc.,D,RENT,11-09-2021,16-05-2021,12-06-2021,Fully Paid,12-07-2021,1105119,vacation,D2, 36 months,Not Verified,105000.0,0.1345,127.94,0.1677,3600,21,3971
889016,MA,INDIVIDUAL,10+ years,City of Chicopee,D,MORTGAGE,11-10-2021,14-07-2021,12-06-2021,Fully Paid,12-07-2021,1105530,Debt consolidation,D4, 60 months,Verified,40000.0,0.228,413.98,0.1758,16450,14,18305
890158,FL,INDIVIDUAL,3 years,Kahane and Associates  P.A.,B,RENT,11-09-2021,16-05-2021,16-05-2021,Current,16-06-2021,1106736,other,B1, 60 months,Not Verified,30000.0,0.0952,127.22,0.0991,6000,16,6997
890232,CO,INDIVIDUAL,7 years,LSI Corporation,A,MORTGAGE,11-09-2021,14-03-2021,14-03-2021,Fully Paid,14-04-2021,1106814,Debt consolidation,A4, 36 months,Not Verified,113698.0,0.0529,469.36,0.079,15000,33,16812
891718,TX,INDIVIDUAL,7 years,Parsons Corporation,A,MORTGAGE,11-09-2021,14-10-2021,14-10-2021,Fully Paid,14-11-2021,1108511,Debt consolidation,A1, 36 months,Verified,67200.0,0.1505,486.97,0.0603,16000,31,17531
891796,MI,INDIVIDUAL,2 years,Mercy St Anne,A,MORTGAGE,11-09-2021,16-04-2021,14-10-2021,Fully Paid,14-11-2021,1108661,other,A5, 36 months,Not Verified,47000.0,0.1563,171.47,0.089,5400,19,6173
891851,VA,INDIVIDUAL,< 1 year,TEK Systems,A,MORTGAGE,11-09-2021,16-05-2021,13-03-2021,Charged Off,13-04-2021,1108712,other,A4, 36 months,Verified,86964.0,0.2204,109.52,0.079,3500,29,1857
892304,VA,INDIVIDUAL,4 years,GS Global Services Inc.,E,MORTGAGE,11-10-2021,16-05-2021,13-02-2021,Fully Paid,13-03-2021,1109242,other,E3, 60 months,Verified,300000.0,0.0553,549.62,0.1942,21000,11,26000
893553,NY,INDIVIDUAL,7 years,Central Square Schools,C,RENT,11-09-2021,16-04-2021,14-10-2021,Fully Paid,14-11-2021,1110695,Debt consolidation,C5, 36 months,Source Verified,50724.0,0.216,221.37,0.1596,6300,41,7969
904111,FL,INDIVIDUAL,9 years,Homeland Security (TSA),C,MORTGAGE,11-10-2021,14-05-2021,14-05-2021,Fully Paid,14-06-2021,1124662,Debt consolidation,C5, 36 months,Verified,35380.0,0.2334,72.04,0.1596,2050,34,2582
909595,IL,INDIVIDUAL,4 years,Village of Carol Stream,B,RENT,11-10-2021,16-05-2021,13-08-2021,Fully Paid,13-09-2021,1130146,credit card,B1, 36 months,Verified,46000.0,0.2669,503.52,0.0991,15625,22,17650
936696,FL,INDIVIDUAL,4 years,Collier County Sheriffs office,F,MORTGAGE,11-11-2021,16-05-2021,14-05-2021,Fully Paid,14-06-2021,1157447,Debt consolidation,F1, 60 months,Verified,85000.0,0.2454,944.71,0.2089,35000,29,50273
945775,FL,INDIVIDUAL,3 years,Bechtel,C,RENT,11-10-2021,16-02-2021,16-01-2021,Fully Paid,16-02-2021,1166526,Debt consolidation,C3, 60 months,Verified,93000.0,0.2155,283.28,0.1465,12000,26,16859
960837,IL,INDIVIDUAL,10+ years,Franciscan St. James Hospital,D,MORTGAGE,11-10-2021,16-05-2021,14-11-2021,Fully Paid,14-12-2021,1181588,credit card,D1, 36 months,Not Verified,68000.0,0.0761,353.01,0.1629,10000,24,12708
967756,CO,INDIVIDUAL,10+ years,Southwest Airlines,A,RENT,11-10-2021,14-02-2021,14-02-2021,Fully Paid,14-03-2021,1188498,house,A5, 36 months,Verified,230000.0,0.0657,1111.37,0.089,35000,31,39650
968585,NH,INDIVIDUAL,1 year,Genzyme Corporation,D,MORTGAGE,11-10-2021,16-05-2021,15-06-2021,Fully Paid,15-07-2021,1189562,Debt consolidation,D5, 60 months,Verified,123500.0,0.2289,893.54,0.1825,35000,32,51947
968865,CT,INDIVIDUAL,< 1 year,Frontier Communications,C,RENT,11-10-2021,16-04-2021,16-05-2021,Current,16-06-2021,1083913,other,C1, 60 months,Verified,68000.0,0.0339,483.1,0.1349,21000,12,26557
969664,OH,INDIVIDUAL,2 years,OHIO TURNPIKE COMMISSON,C,MORTGAGE,11-10-2021,15-11-2021,14-10-2021,Fully Paid,14-11-2021,1190896,home improvement,C3, 36 months,Verified,45000.0,0.216,275.96,0.1465,8000,23,9934
970733,NY,INDIVIDUAL,5 years,,A,MORTGAGE,11-10-2021,16-04-2021,14-10-2021,Fully Paid,14-11-2021,1192419,car,A3, 36 months,Verified,240000.0,0.0572,261.34,0.0751,8400,28,9408
971332,NJ,INDIVIDUAL,10+ years,"N.Y. Epilepsy and Neurology, PLLC",D,MORTGAGE,11-10-2021,14-12-2021,14-11-2021,Fully Paid,14-12-2021,1193054,Debt consolidation,D3, 60 months,Verified,128800.0,0.0855,874.93,0.1727,35000,24,49401
971536,RI,INDIVIDUAL,10+ years,town of johnston rhode island,A,MORTGAGE,11-10-2021,14-05-2021,14-05-2021,Fully Paid,14-06-2021,1193285,Debt consolidation,A2, 36 months,Not Verified,100000.0,0.0941,307.04,0.0662,10000,47,11028
972584,NJ,INDIVIDUAL,5 years,Citi,A,MORTGAGE,11-10-2021,14-10-2021,14-10-2021,Fully Paid,14-11-2021,1194537,other,A2, 36 months,Not Verified,96000.0,0.0488,46.06,0.0662,1500,8,1658
972636,CO,INDIVIDUAL,4 years,"FCI Constructors, Inc.",A,MORTGAGE,11-10-2021,14-10-2021,14-10-2021,Fully Paid,14-11-2021,1194595,Debt consolidation,A3, 36 months,Not Verified,52000.0,0.1537,56.0,0.0751,1800,15,2016
973087,IL,INDIVIDUAL,2 years,Perkins and Will,E,MORTGAGE,11-10-2021,16-05-2021,13-12-2021,Fully Paid,13-01-2022,1195071,Debt consolidation,E3, 60 months,Verified,75000.0,0.2059,502.51,0.1942,19200,22,26127
974175,CA,INDIVIDUAL,2 years,shields nursing center,A,RENT,11-10-2021,16-05-2021,14-10-2021,Fully Paid,14-11-2021,1196216,car,A1, 36 months,Source Verified,86400.0,0.014,456.54,0.0603,15000,11,16435
974297,NY,INDIVIDUAL,6 years,Verizon,A,MORTGAGE,11-10-2021,14-10-2021,14-11-2021,Fully Paid,14-12-2021,1196556,Debt consolidation,A5, 36 months,Verified,120000.0,0.0495,889.09,0.089,28000,24,32007
974359,TX,INDIVIDUAL,3 years,Dept of Info Resources,B,RENT,11-10-2021,14-10-2021,14-10-2021,Fully Paid,14-11-2021,1196626,Debt consolidation,B1, 36 months,Source Verified,62500.0,0.1375,592.94,0.0991,18400,26,21346
977772,TX,INDIVIDUAL,10+ years,HOME DEPOT,E,OWN,11-11-2021,15-01-2021,16-05-2021,Current,16-06-2021,1200591,Debt consolidation,E2, 60 months,Source Verified,44400.0,0.1865,648.93,0.1903,25000,14,34993
978335,TX,INDIVIDUAL,3 years,CareFusion,A,MORTGAGE,11-10-2021,15-02-2021,12-10-2021,Fully Paid,12-11-2021,1201393,car,A1, 36 months,Not Verified,84554.16,0.1524,109.57,0.0603,3600,32,3768
978860,AR,INDIVIDUAL,7 years,community first bank,A,MORTGAGE,11-10-2021,16-03-2021,15-07-2021,Fully Paid,15-08-2021,1201712,Debt consolidation,A4, 60 months,Verified,30000.0,0.2688,267.53,0.079,13225,41,15860
979176,MD,INDIVIDUAL,2 years,UPS Freight,A,MORTGAGE,11-10-2021,16-05-2021,14-10-2021,Fully Paid,14-11-2021,1202038,Debt consolidation,A1, 36 months,Source Verified,60000.0,0.2221,121.75,0.0603,4000,36,4383
979271,WA,INDIVIDUAL,10+ years,US Air Force,A,MORTGAGE,11-10-2021,14-11-2021,14-11-2021,Fully Paid,14-12-2021,1202347,home improvement,A1, 36 months,Source Verified,120000.0,0.087,334.8,0.0603,11000,21,12052
981005,CA,INDIVIDUAL,10+ years,"Triple A Containers, Inc.",A,MORTGAGE,11-11-2021,16-05-2021,14-11-2021,Fully Paid,14-12-2021,1204201,credit card,A4, 36 months,Not Verified,80000.0,0.1794,312.91,0.079,10000,26,11264
982320,CO,INDIVIDUAL,< 1 year,Anschutz Corporation,A,MORTGAGE,11-10-2021,16-05-2021,14-10-2021,Fully Paid,14-11-2021,1206336,other,A1, 36 months,Source Verified,120000.0,0.0505,365.23,0.0603,12000,18,13148
985214,SC,INDIVIDUAL,10+ years,Moncrief medical home,D,RENT,11-10-2021,16-05-2021,12-06-2021,Charged Off,12-07-2021,1208701,other,D1, 36 months,Not Verified,35000.0,0.2431,169.45,0.1629,4800,25,5302
986535,WI,INDIVIDUAL,10+ years,,D,MORTGAGE,11-10-2021,16-05-2021,13-08-2021,Charged Off,13-09-2021,1210713,home improvement,D4, 36 months,Verified,100000.0,0.1182,718.85,0.1758,20000,37,15095
986804,LA,INDIVIDUAL,< 1 year,"Pedicons, Inc.",B,MORTGAGE,11-10-2021,15-12-2021,15-12-2021,Fully Paid,15-01-2022,1210784,Debt consolidation,B5, 60 months,Source Verified,85000.0,0.1225,338.93,0.1269,15000,39,20032
988058,MA,INDIVIDUAL,6 years,American Profit Recovery,C,RENT,11-10-2021,16-04-2021,16-05-2021,Current,16-06-2021,1212269,Debt consolidation,C2, 60 months,Verified,80000.0,0.1743,702.26,0.1427,30000,23,37895
989476,MN,INDIVIDUAL,10+ years,HID Global,A,MORTGAGE,11-10-2021,16-05-2021,14-11-2021,Fully Paid,14-12-2021,1213436,Debt consolidation,A2, 36 months,Not Verified,100000.0,0.0904,357.7,0.0662,11650,29,12877
990129,CA,INDIVIDUAL,5 years,kern medical center,C,MORTGAGE,11-10-2021,15-05-2021,13-10-2021,Fully Paid,13-11-2021,1214101,home improvement,C2, 36 months,Verified,64212.0,0.2476,329.37,0.1427,9600,13,11521
990505,CA,INDIVIDUAL,4 years,sharp grossmont hospital,E,RENT,11-10-2021,13-02-2021,13-03-2021,Fully Paid,13-04-2021,1214492,small business,E1, 60 months,Source Verified,66000.0,0.0331,386.15,0.1864,15000,8,17917
991636,VT,INDIVIDUAL,5 years,Tectura Corp.,A,MORTGAGE,11-10-2021,14-10-2021,14-11-2021,Fully Paid,14-12-2021,1216049,Debt consolidation,A4, 36 months,Source Verified,102000.0,0.138,1095.16,0.079,35000,41,39426
991987,MA,INDIVIDUAL,10+ years,Heywood Hospital,F,OWN,11-10-2021,12-11-2021,12-07-2021,Charged Off,12-08-2021,1216426,small business,F1, 60 months,Source Verified,77000.0,0.1563,539.84,0.2089,20000,24,4961
994284,TX,INDIVIDUAL,10+ years,Excel Telecommunications,D,OWN,11-10-2021,13-06-2021,13-02-2021,Charged Off,13-03-2021,1218704,other,D2, 36 months,Verified,100000.0,0.1819,1243.85,0.1677,35000,12,18758
994517,IL,INDIVIDUAL,3 years,Chicago Public Schools,B,MORTGAGE,11-10-2021,15-09-2021,14-11-2021,Fully Paid,14-12-2021,1219146,credit card,B2, 36 months,Source Verified,80000.0,0.1613,391.7,0.1065,12025,34,14101
994826,NY,INDIVIDUAL,4 years,Brady USA Inc.,C,RENT,11-11-2021,14-10-2021,14-11-2021,Fully Paid,14-12-2021,1219268,small business,C1, 36 months,Not Verified,123000.0,0.157,95.01,0.1349,2800,18,3420
994926,CA,INDIVIDUAL,1 year,Cast & Crew Entertainment Services,B,RENT,11-10-2021,16-05-2021,14-02-2021,Fully Paid,14-03-2021,1219579,credit card,B3, 36 months,Verified,100000.0,0.1476,476.3,0.1171,14400,15,16946
995281,NY,INDIVIDUAL,7 years,Quality King,F,RENT,11-11-2021,13-04-2021,12-11-2021,Charged Off,12-12-2021,1220051,small business,F3, 60 months,Verified,42000.0,0.1157,384.05,0.2167,14000,11,5304
995368,CA,INDIVIDUAL,3 years,KPMG LLP,D,RENT,11-10-2021,13-12-2021,13-07-2021,Fully Paid,13-08-2021,1219720,Debt consolidation,D5, 36 months,Verified,89000.0,0.1427,1269.73,0.1825,35000,29,42529
995862,PA,INDIVIDUAL,10+ years,Jeanes Hospital,A,OWN,11-10-2021,15-09-2021,14-11-2021,Fully Paid,14-12-2021,1220450,wedding,A4, 36 months,Not Verified,80000.0,0.2532,262.84,0.079,8400,25,9462
997543,FL,INDIVIDUAL,3 years,Compupay Inc,B,RENT,11-11-2021,13-08-2021,13-09-2021,Fully Paid,13-10-2021,1222640,house,B3, 60 months,Verified,85000.0,0.0966,583.4,0.1171,26400,36,30722
999170,GA,INDIVIDUAL,4 years,Oracle Inc.,B,MORTGAGE,11-10-2021,15-03-2021,15-03-2021,Fully Paid,15-04-2021,1224523,home improvement,B3, 60 months,Verified,85000.0,0.0706,265.18,0.1171,12000,13,15413
1000967,TX,INDIVIDUAL,4 years,US Army,D,MORTGAGE,11-10-2021,16-05-2021,13-02-2021,Charged Off,13-03-2021,1226719,small business,D3, 36 months,Verified,75000.0,0.0922,1073.62,0.1727,30000,10,16102
1001623,GA,INDIVIDUAL,10+ years,Federal Law Enforcement Training Center,B,MORTGAGE,11-10-2021,14-10-2021,14-09-2021,Fully Paid,14-10-2021,1227426,Debt consolidation,B3, 36 months,Verified,173467.0,0.1419,330.76,0.1171,10000,33,11898
1006067,KS,INDIVIDUAL,4 years,Asplundh Tree Expert Company,B,MORTGAGE,11-11-2021,16-05-2021,14-11-2021,Fully Paid,14-12-2021,1232469,medical,B4, 36 months,Not Verified,40000.0,0.057,154.55,0.1242,4625,21,5564
1007839,CA,INDIVIDUAL,8 years,County of San Diego,A,MORTGAGE,11-11-2021,16-05-2021,14-11-2021,Fully Paid,14-12-2021,1234259,credit card,A4, 36 months,Verified,77000.0,0.1956,375.49,0.079,12000,25,13518
1009082,FL,INDIVIDUAL,1 year,Living Word Family Church,B,MORTGAGE,11-11-2021,16-05-2021,14-11-2021,Fully Paid,14-12-2021,1235787,credit card,B1, 36 months,Verified,55000.0,0.2308,168.38,0.0991,5225,30,6061
1013112,FL,INDIVIDUAL,< 1 year,Maroone Toyota,B,RENT,11-11-2021,12-08-2021,12-03-2021,Charged Off,12-04-2021,1240284,Debt consolidation,B3, 36 months,Source Verified,21600.0,0.2156,66.16,0.1171,2000,15,327
1013143,NY,INDIVIDUAL,6 years,CITY OF RYE PUBLIC WORKS,B,MORTGAGE,11-11-2021,14-11-2021,14-11-2021,Fully Paid,14-12-2021,1240316,home improvement,B3, 36 months,Not Verified,62000.0,0.1397,59.54,0.1171,1800,46,2143
1014091,NY,INDIVIDUAL,2 years,Hospital for Special Surgery,C,OWN,11-11-2021,12-07-2021,12-07-2021,Fully Paid,12-08-2021,1241447,small business,C5, 60 months,Source Verified,55000.0,0.0055,267.27,0.1596,11000,32,11396
1016090,CT,INDIVIDUAL,3 years,ECOM Consulting Inc,C,RENT,11-11-2021,16-04-2021,13-12-2021,Fully Paid,13-01-2022,1243780,Debt consolidation,C2, 36 months,Verified,90000.0,0.0968,274.48,0.1427,8000,10,9677
1016763,FL,INDIVIDUAL,10+ years,Depository Trust Co.,B,MORTGAGE,11-11-2021,12-04-2021,12-04-2021,Fully Paid,12-05-2021,1244280,Debt consolidation,B2, 36 months,Source Verified,300000.0,0.1363,130.3,0.1065,4000,25,4169
1018442,HI,INDIVIDUAL,10+ years,US Air Force,E,RENT,11-11-2021,16-05-2021,14-10-2021,Fully Paid,14-11-2021,1246684,other,E2, 36 months,Source Verified,102240.0,0.2261,183.36,0.1903,5000,21,6599
1020011,SC,INDIVIDUAL,5 years,hospice,A,MORTGAGE,11-11-2021,14-10-2021,14-09-2021,Fully Paid,14-10-2021,1248764,home improvement,A3, 36 months,Not Verified,22800.0,0.2068,62.23,0.0751,2000,15,2239
1021472,NY,INDIVIDUAL,1 year,MediaCom,C,RENT,11-11-2021,16-05-2021,14-07-2021,Fully Paid,14-08-2021,1250229,Debt consolidation,C1, 36 months,Source Verified,45000.0,0.1308,95.01,0.1349,2800,7,3405
1023158,MA,INDIVIDUAL,3 years,Mercury Computer Sys,A,MORTGAGE,11-12-2021,15-05-2021,14-12-2021,Fully Paid,14-01-2022,1252167,other,A2, 36 months,Not Verified,104000.0,0.0278,491.26,0.0662,16000,24,17685
1025315,MO,INDIVIDUAL,5 years,City Union Mission,A,OWN,11-11-2021,12-12-2021,12-12-2021,Fully Paid,12-01-2022,1254473,home improvement,A4, 36 months,Not Verified,21600.0,0.0644,156.46,0.079,5000,19,5297
1026743,LA,INDIVIDUAL,< 1 year,Mead Johnson Nutrition,B,RENT,11-12-2021,16-04-2021,14-04-2021,Fully Paid,14-05-2021,1256131,Debt consolidation,B4, 60 months,Verified,68000.0,0.2527,673.72,0.1242,30000,34,37137
1028850,CA,INDIVIDUAL,3 years,us army,C,RENT,11-11-2021,14-12-2021,14-12-2021,Fully Paid,14-01-2022,1256202,home improvement,C4, 36 months,Source Verified,20400.0,0.0182,208.79,0.1527,6000,8,7516
1029617,PA,INDIVIDUAL,2 years,JFC Global Staffing,C,MORTGAGE,11-11-2021,15-08-2021,15-08-2021,Fully Paid,15-09-2021,1258994,Debt consolidation,C4, 60 months,Not Verified,64000.0,0.1969,358.98,0.1527,15000,26,20973
1030918,GA,INDIVIDUAL,2 years,Marietta High School,A,RENT,11-11-2021,16-05-2021,14-10-2021,Fully Paid,14-11-2021,1260521,Debt consolidation,A4, 36 months,Verified,53000.0,0.1868,500.65,0.079,16000,41,17952
1030940,TX,INDIVIDUAL,4 years,"Swagit Productions, LLC",C,RENT,11-11-2021,14-08-2021,14-08-2021,Fully Paid,14-09-2021,1260544,credit card,C3, 60 months,Not Verified,40000.0,0.1278,283.28,0.1465,12000,20,15414
1031422,TX,INDIVIDUAL,10+ years,U. S Army,C,MORTGAGE,11-12-2021,16-04-2021,13-08-2021,Fully Paid,13-09-2021,1260866,Debt consolidation,C2, 60 months,Source Verified,72000.0,0.1188,374.54,0.1427,16000,30,19358
1031967,CA,INDIVIDUAL,4 years,Luminous Capital/MMC,F,MORTGAGE,11-12-2021,16-03-2021,13-01-2021,Fully Paid,13-02-2021,1261397,Debt consolidation,F3, 60 months,Verified,165000.0,0.1531,960.11,0.2167,35000,25,42724
1033253,CA,INDIVIDUAL,4 years,VASONA CREEK HEALTHCARE CENTER,B,RENT,11-12-2021,14-08-2021,14-08-2021,Fully Paid,14-09-2021,1262819,Debt consolidation,B1, 36 months,Source Verified,25000.0,0.2251,208.66,0.0991,6475,13,7495
1033318,FL,INDIVIDUAL,4 years,HISPANIC GROUP,B,RENT,11-11-2021,15-12-2021,14-04-2021,Fully Paid,14-05-2021,1262887,Debt consolidation,B3, 36 months,Source Verified,54000.0,0.0558,172.0,0.1171,5200,12,6133
1033711,CA,INDIVIDUAL,10+ years,KP Corporation,B,RENT,11-11-2021,16-05-2021,14-04-2021,Fully Paid,14-05-2021,1263287,credit card,B5, 36 months,Not Verified,51000.0,0.1016,335.45,0.1269,10000,11,11953
1033959,FL,INDIVIDUAL,3 years,fudpuckers,C,RENT,11-11-2021,16-04-2021,14-04-2021,Fully Paid,14-05-2021,1263746,Debt consolidation,C2, 36 months,Verified,23000.0,0.1007,435.73,0.1427,12700,15,15507
1033990,NJ,INDIVIDUAL,10+ years,fedex,C,RENT,11-11-2021,15-11-2021,14-12-2021,Fully Paid,14-01-2022,1263570,home improvement,C1, 36 months,Verified,50000.0,0.1102,373.24,0.1349,11000,16,13436
1039971,UT,INDIVIDUAL,< 1 year,Clearlink,B,RENT,11-12-2021,16-05-2021,14-12-2021,Fully Paid,14-01-2022,1269924,credit card,B3, 36 months,Source Verified,25000.0,0.2299,136.44,0.1171,4125,28,4927
1040578,NY,INDIVIDUAL,5 years,bette&cring llc,B,RENT,11-11-2021,16-04-2021,14-02-2021,Fully Paid,14-03-2021,1270557,Debt consolidation,B4, 36 months,Not Verified,75500.0,0.162,100.25,0.1242,3000,15,3554
1042915,GA,INDIVIDUAL,5 years,ocharleys,A,OWN,11-12-2021,13-07-2021,13-02-2021,Charged Off,13-03-2021,1273215,Debt consolidation,A3, 36 months,Not Verified,35000.0,0.1707,311.11,0.0751,10000,17,4722
1043012,OH,INDIVIDUAL,7 years,Boltaron Performance Products,E,MORTGAGE,11-12-2021,13-10-2021,13-05-2021,Charged Off,13-06-2021,1273106,credit card,E1, 60 months,Source Verified,35000.0,0.1317,437.63,0.1864,17000,12,8222
1045892,MO,INDIVIDUAL,3 years,grass pad inc,A,OWN,11-12-2021,14-12-2021,14-12-2021,Fully Paid,14-01-2022,1276718,credit card,A5, 36 months,Not Verified,19200.0,0.1475,254.03,0.089,8000,10,9145
1048044,PA,INDIVIDUAL,8 years,Saratoga slice inc.,C,OWN,11-12-2021,14-10-2021,14-02-2021,Fully Paid,14-03-2021,1279180,other,C1, 36 months,Not Verified,25000.0,0.2189,220.55,0.1349,6500,17,7810
1051225,CA,INDIVIDUAL,3 years,Scripps Clinic,B,RENT,11-12-2021,15-10-2021,15-01-2021,Fully Paid,15-02-2021,1282312,medical,B4, 36 months,Not Verified,31200.0,0.1935,133.67,0.1242,4000,8,4827
1051321,CT,INDIVIDUAL,7 years,stamford hospital,A,RENT,11-12-2021,16-01-2021,14-12-2021,Fully Paid,14-01-2022,1282618,Debt consolidation,A4, 36 months,Not Verified,83004.0,0.0742,170.54,0.079,5450,31,6139
1052616,FL,INDIVIDUAL,6 years,A&A Sheetmetal Contractors Corp.,C,RENT,11-12-2021,16-05-2021,16-05-2021,Current,16-06-2021,1284174,car,C3, 60 months,Source Verified,51008.0,0.0814,198.3,0.1465,8400,10,10523
1053384,CA,INDIVIDUAL,10+ years,orange county head start,C,RENT,11-12-2021,16-01-2021,14-12-2021,Fully Paid,14-01-2022,1284971,Debt consolidation,C3, 36 months,Source Verified,32160.0,0.2347,179.37,0.1465,5200,16,6457
1053868,IL,INDIVIDUAL,4 years,A-tec Ambulance,C,MORTGAGE,11-12-2021,16-05-2021,14-07-2021,Fully Paid,14-08-2021,1285483,Debt consolidation,C2, 36 months,Not Verified,45000.0,0.2187,356.82,0.1427,10400,18,12783
1054018,CA,INDIVIDUAL,7 years,Kaiser Permanente,E,RENT,11-12-2021,16-05-2021,13-11-2021,Fully Paid,13-12-2021,1285626,Debt consolidation,E5, 60 months,Verified,152000.0,0.1328,639.87,0.203,24000,24,32209
1054178,TX,INDIVIDUAL,10+ years,Raytheon,B,MORTGAGE,11-12-2021,16-05-2021,16-05-2021,Current,16-06-2021,1285805,home improvement,B3, 60 months,Source Verified,133224.0,0.1097,272.37,0.1171,18000,30,14424
1055974,OR,INDIVIDUAL,6 years,NW Portland Area Indian Health Board,A,RENT,11-12-2021,15-11-2021,14-07-2021,Fully Paid,14-08-2021,1287544,Debt consolidation,A4, 36 months,Not Verified,66000.0,0.1242,312.91,0.079,10000,24,11234
1058924,FL,INDIVIDUAL,< 1 year,America's Second Harvest Big Bend,A,RENT,11-12-2021,14-12-2021,14-12-2021,Fully Paid,14-01-2022,1290722,Debt consolidation,A5, 36 months,Source Verified,35000.0,0.1495,152.42,0.089,4800,20,5487
1059100,PA,INDIVIDUAL,6 years,Rettew Associates,A,OWN,11-12-2021,16-03-2021,12-06-2021,Fully Paid,12-07-2021,1290913,Debt consolidation,A5, 36 months,Verified,65000.0,0.1045,722.39,0.089,22750,32,23700
1059801,MD,INDIVIDUAL,< 1 year,State of Maryland,C,RENT,11-12-2021,15-08-2021,15-08-2021,Fully Paid,15-09-2021,1291428,Debt consolidation,C5, 60 months,Not Verified,43000.0,0.0756,379.04,0.1596,15600,7,22134
1059974,CA,INDIVIDUAL,7 years,Cox Communications,B,RENT,11-12-2021,16-05-2021,13-10-2021,Fully Paid,13-11-2021,1291594,Debt consolidation,B1, 36 months,Verified,65000.0,0.1036,515.6,0.0991,16000,17,17996
1060369,NJ,INDIVIDUAL,4 years,Ford Atlantic Fastener Corporation,A,RENT,11-12-2021,16-05-2021,13-11-2021,Fully Paid,13-12-2021,1292120,credit card,A4, 36 months,Verified,65000.0,0.1464,876.13,0.079,28000,15,31033
1060544,RI,INDIVIDUAL,7 years,MENS  WEARHOUSE,D,RENT,11-12-2021,15-07-2021,14-12-2021,Fully Paid,14-01-2022,1292305,credit card,D4, 36 months,Verified,67500.0,0.2484,720.64,0.1758,20050,29,25943
1060597,SC,INDIVIDUAL,4 years,vanderbuit mtg,C,MORTGAGE,11-12-2021,15-01-2021,15-01-2021,Fully Paid,15-02-2021,1292355,other,C1, 36 months,Source Verified,90000.0,0.0693,508.96,0.1349,15000,17,18385
1060630,TX,INDIVIDUAL,10+ years,shell Oil,E,MORTGAGE,11-12-2021,14-07-2021,14-06-2021,Fully Paid,14-07-2021,1292392,credit card,E2, 60 months,Verified,80000.0,0.2682,500.33,0.1903,30000,29,26880
1060696,FL,INDIVIDUAL,2 years,Diocese of Florida,C,RENT,11-12-2021,16-05-2021,12-12-2021,Fully Paid,12-01-2022,1292466,credit card,C2, 60 months,Source Verified,80000.0,0.0651,280.91,0.1427,12000,18,13601
1060841,CO,INDIVIDUAL,5 years,The Bridge Assisted Living,A,RENT,11-12-2021,16-05-2021,14-12-2021,Fully Paid,14-01-2022,1292806,credit card,A4, 36 months,Not Verified,26000.0,0.1283,375.49,0.079,12000,21,13517
1062043,VA,INDIVIDUAL,3 years,ourisma fairfax toyota,C,RENT,11-12-2021,15-05-2021,13-07-2021,Fully Paid,13-08-2021,1293888,credit card,C3, 60 months,Verified,68500.0,0.1817,276.2,0.1465,11700,21,14116
1063199,CA,INDIVIDUAL,< 1 year,US Bank,D,MORTGAGE,11-12-2021,15-01-2021,13-10-2021,Fully Paid,13-11-2021,1295495,Debt consolidation,D5, 60 months,Verified,75000.0,0.1058,638.25,0.1825,25000,29,32076
1065470,FL,INDIVIDUAL,5 years,AH Interiors Inc.,B,RENT,11-12-2021,14-08-2021,12-10-2021,Fully Paid,12-11-2021,1299579,Debt consolidation,B1, 36 months,Verified,110000.0,0.1,580.05,0.0991,18000,22,19207
1069469,LA,INDIVIDUAL,10+ years,"Stewart Enterprises, Inc.",A,MORTGAGE,11-12-2021,12-06-2021,16-05-2021,Fully Paid,16-06-2021,1304526,Debt consolidation,A1, 36 months,Not Verified,45600.0,0.0534,182.62,0.0603,6000,28,6066
1070078,AZ,INDIVIDUAL,5 years,Southwest Rural metro,C,OWN,11-12-2021,15-12-2021,13-06-2021,Fully Paid,13-07-2021,1305201,Debt consolidation,C3, 60 months,Not Verified,72000.0,0.1612,153.45,0.1465,6500,23,7678
